bug,degree,in_degree,out_degree,betweenness,pagerank,average_neighbor_degree,clustering,square_clustering,closeness_centrality,degree_centrality,out_degree_centrality,in_degree_centrality,betweenness_centrality,load_centrality,number_of_cliques,core_number,number_ancestors,number_descendants,eccentricity,ripple_degree,Size,Ties,Pairs,Densit,nWeakC,pWeakC,2StepR,2StepP,ReachE,Broker,nBroke,nClose,EgoBet,nEgoBe
0,13,1,12,0.000429054,0.00082495,5.583333333,0.212121212,0.013781501,0.018128553,0.025641026,0.023668639,0.001972387,0.000429054,0.000443432,9,10,25,171,172,172,1,0,0,-1,1,100,8,1.58,100,0,-1,0,0,-1
0,8,4,4,3.70E-05,0.001347533,0,0.25,0.063202247,0.008218277,0.015779093,0.007889546,0.007889546,3.70E-05,3.70E-05,7,5,5,4,5,5,4,1,12,8.33,3,75,235,46.35,76.55,5.5,0.92,1,0,0
1,18,8,10,0.003022098,0.00170604,3.8,0.383333333,0.016258051,0.159053593,0.035502959,0.019723866,0.015779093,0.003022098,0.003228626,13,12,274,167,168,168,51,1273,2550,49.92,1,1.96,283,55.82,11.72,638.5,0.5,1273,146.84,5
0,25,11,14,0.001664019,0.001779723,9.785714286,0.614379085,0.115743737,0.02934997,0.049309665,0.027613412,0.021696252,0.001664019,0.001664019,9,14,37,50,51,51,41,1473,1640,89.82,1,2.44,216,42.6,11.74,83.5,0.1,1473,0.25,0
0,71,29,42,0.000399409,0.001899218,31.52380952,0.802555168,0.083732196,0.06339814,0.140039448,0.082840237,0.057199211,0.000399409,0.000253562,17,59,60,211,212,212,15,80,210,38.1,2,13.33,64,12.62,23.19,65,0.62,80,19.67,9
0,67,29,38,2.67E-06,0.00189526,31.52631579,0.953058321,0.196913642,0.06339814,0.132149901,0.07495069,0.057199211,2.67E-06,2.86E-06,10,59,60,211,212,212,3,2,6,33.33,1,33.33,97,19.13,94.17,2,0.67,2,0,0
0,37,16,21,0,0.001956476,17.38095238,0.985714286,0.655352042,0.031952663,0.072978304,0.041420118,0.031558185,0,0,4,32,18,241,242,242,2,1,2,50,1,50,209,41.22,81.64,0.5,0.5,1,0,0
1,25,12,13,0.000722759,0.002019887,8.307692308,0.653594771,0.037862987,0.152187971,0.049309665,0.025641026,0.023668639,0.000722759,0.00068949,11,18,274,167,168,168,1,0,0,-1,1,100,7,1.38,100,0,-1,0,0,-1
0,78,37,41,3.62E-06,0.003058941,37,0.984146341,0.5909948,0.072978304,0.153846154,0.08086785,0.072978304,3.62E-06,3.62E-06,4,74,37,211,212,212,40,1081,1560,69.29,1,2.5,244,48.13,13.01,239.5,0.31,1081,47.31,3
0,1,1,0,0,0.000979795,0,0,0,0.004930966,0.001972387,0,0.001972387,0,0,1,1,5,0,1,1,3,1,6,16.67,2,66.67,105,20.71,89.74,2.5,0.83,1,1,16
0,67,29,38,0.000142718,0.002290194,29.86842105,0.875843455,0.116145026,0.147783329,0.132149901,0.07495069,0.057199211,0.000142718,0.000138962,14,58,274,167,168,168,8,4,56,7.14,4,50,241,47.53,69.25,26,0.93,4,5,8
0,1,0,1,0,0.000703452,0,0,0,0,0.001972387,0.001972387,0,0,0,1,1,0,1,2,2,41,1473,1640,89.82,1,2.44,216,42.6,11.74,83.5,0.1,1473,0.25,0
1,96,96,0,0,0.013463234,0,0.267105263,0.018809532,0.20252486,0.189349112,0,0.189349112,0,0,27,58,281,0,1,1,38,1005,1406,71.48,1,2.63,247,48.72,13.85,200.5,0.29,1005,49.21,3
1,3,1,2,4.48E-05,0.000756194,0.5,0.333333333,0.008849558,0.014742754,0.00591716,0.003944773,0.001972387,4.48E-05,4.48E-05,2,3,21,169,170,170,1,0,0,-1,1,100,9,1.78,100,0,-1,0,0,-1
0,77,37,40,1.03E-07,0.003057388,37.875,0.996153846,0.599614821,0.072978304,0.151873767,0.078895464,0.072978304,1.03E-07,1.03E-07,3,74,37,211,212,212,48,1245,2256,55.19,2,4.17,285,56.21,12.18,505.5,0.45,1245,159.7,7
0,1,1,0,0,0.001364969,0,0,0,0.002629849,0.001972387,0,0.001972387,0,0,1,1,2,0,1,1,17,81,272,29.78,3,17.65,67,13.21,23.67,95.5,0.7,81,33.67,12
0,6,4,2,0.002766406,0.001241941,1,0.2,0.104803493,0.135481083,0.01183432,0.003944773,0.007889546,0.002766406,0.002366084,4,4,276,5,6,6,1,0,0,-1,1,100,5,0.99,100,0,-1,0,0,-1
0,6,0,6,0,0.000703452,7,1,0.418070444,0,0.01183432,0.01183432,0,0,0,1,6,0,51,52,52,40,950,1560,60.9,3,7.5,182,35.9,11.49,305,0.39,950,34.67,2
0,12,12,0,0,0.002822034,0,0.121212121,0.015147489,0.147985872,0.023668639,0,0.023668639,0,0,8,5,284,0,1,1,1,0,0,-1,1,100,96,18.93,100,0,-1,0,0,-1
0,78,37,41,3.62E-06,0.003058941,37,0.984146341,0.5909948,0.072978304,0.153846154,0.08086785,0.072978304,3.62E-06,3.62E-06,4,74,37,211,212,212,1,0,0,-1,1,100,8,1.58,100,0,-1,0,0,-1
0,10,3,7,3.70E-05,0.001226176,0.857142857,0.277777778,0.044247788,0.00591716,0.019723866,0.013806706,0.00591716,3.70E-05,3.70E-05,7,5,3,10,11,11,10,19,90,21.11,4,40,252,49.7,40.71,35.5,0.79,19,15,16
0,64,29,35,2.45E-06,0.002285907,31.02857143,0.987301587,0.271611817,0.147783329,0.126232742,0.069033531,0.057199211,2.45E-06,1.44E-06,9,58,274,167,168,168,1,0,0,-1,1,100,6,1.18,100,0,-1,0,0,-1
0,43,33,10,0.00044115,0.002706308,14.2,0.788124157,0.115535627,0.160955321,0.084812623,0.019723866,0.065088757,0.00044115,0.000565704,8,39,274,167,168,168,1,0,0,-1,1,100,7,1.38,100,0,-1,0,0,-1
0,37,16,21,0,0.001956476,17.38095238,0.985714286,0.655352042,0.031952663,0.072978304,0.041420118,0.031558185,0,0,4,32,18,241,242,242,41,1473,1640,89.82,1,2.44,216,42.6,11.74,83.5,0.1,1473,0.25,0
1,39,34,5,0.003268595,0.002483361,26.8,0.806349206,0.076692831,0.188635536,0.076923077,0.009861933,0.067061144,0.003268595,0.003052773,5,36,274,167,168,168,33,964,1056,91.29,1,3.03,130,25.64,9.25,46,0.09,964,0,0
0,2,2,0,0,0.000950045,0,0,0.285714286,0.091566443,0.003944773,0,0.003944773,0,0,2,2,275,0,1,1,12,19,132,14.39,1,8.33,56,11.05,48.28,56.5,0.86,19,4.5,3
0,2,2,0,0,0.003057077,0,0,0.019230769,0.134390448,0.003944773,0,0.003944773,0,0,2,2,276,0,1,1,21,329,420,78.33,1,4.76,65,12.82,13.1,45.5,0.22,329,0,0
0,1,1,0,0,0.000852946,0,0,0,0.001972387,0.001972387,0,0.001972387,0,0,1,1,1,0,1,1,35,946,1190,79.5,1,2.86,271,53.45,14.72,122,0.21,946,9.75,0
1,24,12,12,0.00132964,0.002009608,7.833333333,0.691176471,0.042090079,0.152187971,0.047337278,0.023668639,0.023668639,0.00132964,0.001542809,10,18,274,167,168,168,2,0,2,0,2,100,23,4.54,92,1,1,0,0,0
0,78,37,41,3.62E-06,0.003058941,37,0.984146341,0.5909948,0.072978304,0.153846154,0.08086785,0.072978304,3.62E-06,3.62E-06,4,74,37,211,212,212,14,69,182,37.91,1,7.14,154,30.37,37.11,56.5,0.62,69,17.64,9
0,11,0,11,0,0.000703452,11.45454545,0.672727273,0.271968854,0,0.021696252,0.021696252,0,0,0,3,9,0,52,53,53,3,1,6,16.67,2,66.67,97,19.13,97.98,2.5,0.83,1,2,33
0,6,0,6,0,0.000703452,7,1,0.418070444,0,0.01183432,0.01183432,0,0,0,1,6,0,51,52,52,3,2,6,33.33,1,33.33,15,2.96,55.56,2,0.67,2,0,0
0,44,40,4,0.00068265,0.003353952,25.5,0.664343786,0.093805225,0.188635536,0.08678501,0.007889546,0.078895464,0.00068265,0.000683971,13,35,274,167,168,168,53,1309,2756,47.5,1,1.89,289,57,12.28,723.5,0.53,1309,80.93,2
0,2,2,0,0,0.001155455,0,0,0.005181347,0.135110268,0.003944773,0,0.003944773,0,0,2,2,275,0,1,1,6,6,30,20,1,16.67,50,9.86,58.14,12,0.8,6,0.5,1
0,65,29,36,0.000751007,0.002287414,31.38888889,0.935435435,0.155097785,0.147783329,0.128205128,0.071005917,0.057199211,0.000751007,0.000726913,10,58,274,167,168,168,2,0,2,0,2,100,5,0.99,83.33,1,1,0,0,0
0,23,12,11,0.000103572,0.001997594,8.090909091,0.766666667,0.045650028,0.152187971,0.045364892,0.021696252,0.023668639,0.000103572,0.00010407,8,18,274,167,168,168,34,930,1122,82.89,3,8.82,270,53.25,15.11,96,0.17,930,60,5
0,4,0,4,0,0.000703452,0.25,0.166666667,0.016847706,0,0.007889546,0.007889546,0,0,0,3,3,0,4,5,5,8,31,56,55.36,1,12.5,249,49.11,57.64,12.5,0.45,31,0,0
1,43,38,5,0.018420788,0.005550605,16.2,0.315853659,0.021761223,0.194074568,0.084812623,0.009861933,0.07495069,0.018420788,0.018537055,17,29,274,167,168,168,15,94,210,44.76,1,6.67,229,45.17,43.05,58,0.55,94,11.86,5
0,8,8,0,0,0.001473578,0,0.714285714,0.01659094,0.155863883,0.015779093,0,0.015779093,0,0,3,8,275,0,1,1,3,0,6,0,3,100,55,10.85,94.83,3,1,0,2,33
0,6,3,3,3.79E-05,0.000861256,0.666666667,0.466666667,0.047721344,0.117542739,0.01183432,0.00591716,0.00591716,3.79E-05,3.07E-05,3,6,275,6,7,7,41,1473,1640,89.82,1,2.44,216,42.6,11.74,83.5,0.1,1473,0.25,0
0,37,16,21,0,0.001956476,17.38095238,0.985714286,0.655352042,0.031952663,0.072978304,0.041420118,0.031558185,0,0,4,32,18,241,242,242,38,1018,1406,72.4,1,2.63,245,48.32,13.68,194,0.28,1018,33.29,2
0,6,2,4,0.000313903,0.000934593,1,0.466666667,0.140969163,0.027553033,0.01183432,0.007889546,0.003944773,0.000313903,0.000314179,4,4,37,50,51,51,96,2113,9120,23.17,5,5.21,199,39.25,6.37,3503.5,0.77,2113,0,0
0,4,1,3,1.56E-06,0.000723384,0.666666667,0.333333333,0.004850445,0.001972387,0.007889546,0.00591716,0.001972387,1.56E-06,1.56E-06,3,4,1,168,169,169,5,7,20,35,1,20,82,16.17,77.36,6.5,0.65,7,1,5
0,2,0,2,0,0.000703452,5,1,1,0,0.003944773,0.003944773,0,0,0,1,2,0,51,52,52,4,2,12,16.67,3,75,28,5.52,56,5,0.83,2,0,0
0,1,1,0,0,0.000858819,0,0,0,0.143424746,0.001972387,0,0.001972387,0,0,1,1,275,0,1,1,1,0,0,-1,1,100,4,0.79,100,0,-1,0,0,-1
0,5,1,4,3.25E-06,0.000796178,6.25,0.5,0.041666667,0.001972387,0.009861933,0.007889546,0.001972387,3.25E-06,2.92E-06,2,4,1,56,57,57,40,1096,1560,70.26,1,2.5,260,51.28,13.96,232,0.3,1096,6.38,0
0,37,16,21,0,0.001956476,17.38095238,0.985714286,0.655352042,0.031952663,0.072978304,0.041420118,0.031558185,0,0,4,32,18,241,242,242,2,0,2,0,2,100,6,1.18,100,1,1,0,0,0
0,4,0,4,0,0.000703452,3.75,0.666666667,0.104761905,0,0.007889546,0.007889546,0,0,0,2,4,0,213,214,214,3,2,6,33.33,1,33.33,21,4.14,65.63,2,0.67,2,0,0
0,21,10,11,0.000775548,0.001675885,7.636363636,0.742857143,0.043576611,0.058463561,0.041420118,0.021696252,0.019723866,0.000775548,0.001000772,8,15,68,175,176,176,3,2,6,33.33,1,33.33,27,5.33,64.29,2,0.67,2,0.5,8
0,21,10,11,0.000144423,0.001675885,7.272727273,0.742857143,0.046366939,0.058463561,0.041420118,0.021696252,0.019723866,0.000144423,0.000155076,8,15,68,175,176,176,1,0,0,-1,1,100,41,8.09,100,0,-1,0,0,-1
0,66,29,37,0.000197865,0.002288841,30.51351351,0.907539118,0.156979265,0.147783329,0.130177515,0.072978304,0.057199211,0.000197865,0.000194658,11,58,274,167,168,168,6,7,30,23.33,2,33.33,28,5.52,53.85,11.5,0.77,7,5.5,18
0,27,18,9,0.000283936,0.00333227,5.777777778,0.494071146,0.155169492,0.042190582,0.053254438,0.017751479,0.035502959,0.000283936,0.00022611,12,14,37,50,51,51,20,125,380,32.89,1,5,143,28.21,19.56,127.5,0.67,125,72.27,19
0,67,29,38,0.000376126,0.002290194,30.92105263,0.866396761,0.108700627,0.147783329,0.132149901,0.07495069,0.057199211,0.000376126,0.000345677,11,58,274,167,168,168,1,0,0,-1,1,100,6,1.18,100,0,-1,0,0,-1
0,1,1,0,0,0.00090207,0,0,0,0.020942105,0.001972387,0,0.001972387,0,0,1,1,38,0,1,1,4,1,12,8.33,3,75,235,46.35,76.55,5.5,0.92,1,0,0
1,80,38,42,0.000786774,0.002549255,32.47619048,0.694117647,0.110219091,0.18791738,0.157790927,0.082840237,0.07495069,0.000786774,0.000786859,38,59,274,167,168,168,24,325,552,58.88,4,16.67,177,34.91,28.5,113.5,0.41,325,68,12
0,77,37,40,0.000144226,0.003057388,37.9,0.95,0.960629921,0.072978304,0.151873767,0.078895464,0.072978304,0.000144226,0.000144226,3,74,37,211,212,212,8,56,56,100,1,12.5,40,7.89,30.77,0,0,56,0,0
0,16,0,16,0,0.000703452,21.8125,0.533333333,0.047954182,0,0.031558185,0.031558185,0,0,0,11,12,0,171,172,172,4,3,12,25,2,50,22,4.34,68.75,4.5,0.75,3,1,8
0,5,5,0,0,0.002175347,0,0.2,0.036745407,0.032608696,0.009861933,0,0.009861933,0,0,4,4,39,0,1,1,41,1473,1640,89.82,1,2.44,216,42.6,11.74,83.5,0.1,1473,0.25,0
0,78,37,41,3.62E-06,0.003058941,37,0.984146341,0.5909948,0.072978304,0.153846154,0.08086785,0.072978304,3.62E-06,3.62E-06,4,74,37,211,212,212,2,0,2,0,2,100,99,19.53,98.02,1,1,0,0,0
0,77,37,40,1.03E-07,0.003057388,37.875,0.996153846,0.599614821,0.072978304,0.151873767,0.078895464,0.072978304,1.03E-07,1.03E-07,3,74,37,211,212,212,2,0,2,0,2,100,6,1.18,100,1,1,0,1,50
0,2,0,2,0,0.000703452,1.5,0,0.007194245,0,0.003944773,0.003944773,0,0,0,2,2,0,168,169,169,9,10,72,13.89,3,33.33,43,8.48,49.43,31,0.86,10,10,13
1,53,50,3,0.036271711,0.007160203,3,0.54862119,0.14682932,0.175034155,0.104536489,0.00591716,0.098619329,0.036271711,0.036284461,16,39,274,167,168,168,40,1082,1560,69.36,1,2.5,245,48.32,12.81,239,0.31,1082,62.31,3
0,13,6,7,2.78E-07,0.001150575,10.14285714,0.928571429,0.108291032,0.022883027,0.025641026,0.013806706,0.01183432,2.78E-07,2.78E-07,2,13,37,50,51,51,23,186,506,36.76,1,4.35,68,13.41,16.39,160,0.63,186,0,0
1,2,0,2,0,0.000703452,1.5,1,0.04587156,0,0.003944773,0.003944773,0,0,0,1,2,0,168,169,169,1,0,0,-1,1,100,8,1.58,100,0,-1,0,0,-1
0,5,2,3,1.17E-05,0.002133041,1.333333333,0.666666667,0.222222222,0.006163708,0.009861933,0.00591716,0.003944773,1.17E-05,1.17E-05,2,4,5,53,54,54,46,1247,2070,60.24,1,2.17,280,55.23,12.43,411.5,0.4,1247,59.69,2
0,2,0,2,0,0.000703452,1.5,1,0.2,0,0.003944773,0.003944773,0,0,0,1,2,0,4,5,5,7,3,42,7.14,4,57.14,264,52.07,69.29,19.5,0.93,3,9,21
1,13,6,7,0.001519773,0.001000493,10.42857143,0.333333333,0.007649547,0.028016855,0.025641026,0.013806706,0.01183432,0.001519773,0.001531049,10,10,25,171,172,172,16,113,240,47.08,1,6.25,230,45.36,39.59,63.5,0.53,113,1.63,0
0,77,37,40,1.03E-07,0.003057388,37.875,0.996153846,0.599614821,0.072978304,0.151873767,0.078895464,0.072978304,1.03E-07,1.03E-07,3,74,37,211,212,212,1,0,0,-1,1,100,3,0.59,100,0,-1,0,0,-1
0,1,0,1,0,0.000703452,0,0,0,0,0.001972387,0.001972387,0,0,0,1,1,0,1,2,2,2,0,2,0,2,100,66,13.02,97.06,1,1,0,0,0
0,9,1,8,0.008528129,0.001564947,12.5,0.777777778,0.106490872,0.154248849,0.017751479,0.015779093,0.001972387,0.008528129,0.008386597,2,9,274,167,168,168,5,4,20,20,2,40,124,24.46,69.27,8,0.8,4,1.5,7
0,67,29,38,2.67E-06,0.00189526,31.52631579,0.953058321,0.196913642,0.06339814,0.132149901,0.07495069,0.057199211,2.67E-06,2.86E-06,10,59,60,211,212,212,2,1,2,50,1,50,13,2.56,68.42,0.5,0.5,1,0,0
1,76,30,46,0.001407241,0.002230216,29.63043478,0.759481961,0.083979855,0.179272271,0.149901381,0.090729783,0.059171598,0.001407241,0.001370021,29,59,274,167,168,168,41,1473,1640,89.82,1,2.44,216,42.6,11.74,83.5,0.1,1473,0.25,0
0,4,2,2,7.80E-06,0.002349849,0.5,0.333333333,0,0.003944773,0.007889546,0.003944773,0.003944773,7.80E-06,7.80E-06,2,2,2,2,3,3,7,8,42,19.05,2,28.57,22,4.34,52.38,17,0.81,8,7.5,17
0,26,7,19,0.000350993,0.001134242,10.42105263,0.391812865,0.011916729,0.013806706,0.051282051,0.037475345,0.013806706,0.000350993,0.000322446,12,18,7,179,180,180,1,0,0,-1,1,100,3,0.59,100,0,-1,0,0,-1
0,45,45,0,0,0.002982562,0,0.35959596,0.033024645,0.196403295,0.088757396,0,0.088757396,0,0,12,33,276,0,1,1,8,31,56,55.36,1,12.5,126,24.85,32.47,12.5,0.45,31,0,0
0,2,2,0,0,0.001039933,0,1,0.4,0.006163708,0.003944773,0,0.003944773,0,0,1,2,5,0,1,1,31,348,930,37.42,2,6.45,144,28.4,16.76,291,0.63,348,178,19
0,20,7,13,0.000187358,0.001112258,17.38461538,0.474358974,0.020225464,0.013806706,0.039447732,0.025641026,0.013806706,0.000187358,0.000153689,4,18,7,179,180,180,47,1240,2162,57.35,2,4.26,286,56.41,12.43,461,0.43,1240,114.7,5
0,1,1,0,0,0.00074945,0,0,0,0.001972387,0.001972387,0,0.001972387,0,0,1,1,1,0,1,1,1,0,0,-1,1,100,2,0.39,100,0,-1,0,0,-1
0,1,0,1,0,0.000703452,0,0,0,0,0.001972387,0.001972387,0,0,0,1,1,0,1,2,2,23,152,506,30.04,2,8.7,64,12.62,16.71,177,0.7,152,38.22,7
0,7,7,0,0,0.003164753,0,0.619047619,0.111742424,0.03220223,0.013806706,0,0.013806706,0,0,7,4,40,0,1,1,39,1078,1482,72.74,2,5.13,240,47.34,13.18,202,0.27,1078,31.31,2
0,1,0,1,0,0.000703452,0,0,0,0,0.001972387,0.001972387,0,0,0,1,1,0,1,2,2,40,1036,1560,66.41,1,2.5,265,52.27,14.96,262,0.34,1036,14.5,0
0,68,29,39,0.000390882,0.001896324,31.84615385,0.906882591,0.128709281,0.06339814,0.134122288,0.076923077,0.057199211,0.000390882,0.000406979,12,59,60,211,212,212,1,0,0,-1,1,100,203,40.04,100,0,-1,0,0,-1
0,78,37,41,3.62E-06,0.003058941,37,0.984146341,0.5909948,0.072978304,0.153846154,0.08086785,0.072978304,3.62E-06,3.62E-06,4,74,37,211,212,212,12,9,132,6.82,6,50,82,16.17,66.67,61.5,0.93,9,0,0
0,1,0,1,0,0.000703452,0,0,0,0,0.001972387,0.001972387,0,0,0,1,1,0,1,2,2,45,1236,1980,62.42,1,2.22,274,54.04,12.48,372,0.38,1236,59.38,3
0,3,2,1,0.000888024,0.000884816,2,0,0.084210526,0.12479113,0.00591716,0.001972387,0.003944773,0.000888024,0.001091439,3,3,276,4,5,5,21,329,420,78.33,1,4.76,65,12.82,13.1,45.5,0.22,329,0,0
0,46,46,0,0,0.003076329,0,0.346859903,0.030125575,0.199268595,0.090729783,0,0.090729783,0,0,14,34,276,0,1,1,1,0,0,-1,1,100,37,7.3,100,0,-1,0,0,-1
0,36,33,3,3.98E-05,0.002368649,15.66666667,0.853781513,0.15227761,0.17948957,0.071005917,0.00591716,0.065088757,3.98E-05,2.82E-05,4,33,274,167,168,168,42,1101,1722,63.94,1,2.38,245,48.32,12.45,310.5,0.36,1101,38.97,2
0,67,29,38,2.67E-06,0.00189526,31.52631579,0.953058321,0.196913642,0.06339814,0.132149901,0.07495069,0.057199211,2.67E-06,2.86E-06,10,59,60,211,212,212,46,1032,2070,49.86,1,2.17,247,48.72,12.53,519,0.5,1032,256.75,12
0,5,5,0,0,0.002744816,0,0.9,0.670731707,0.119071007,0.009861933,0,0.009861933,0,0,2,5,277,0,1,1,6,2,30,6.67,4,66.67,214,42.21,88.07,14,0.93,2,9,30
0,21,10,11,0.0002128,0.001675885,6.909090909,0.733333333,0.047607735,0.058463561,0.041420118,0.021696252,0.019723866,0.0002128,0.000236674,7,15,68,175,176,176,2,0,2,0,2,100,5,0.99,83.33,1,1,0,0,0
0,1,1,0,0,0.00121229,0,0,0,0.135232761,0.001972387,0,0.001972387,0,0,1,1,275,0,1,1,4,1,12,8.33,3,75,241,47.53,68.27,5.5,0.92,1,0,0
0,2,2,0,0,0.001301428,0,0,0,0.003944773,0.003944773,0,0.003944773,0,0,2,2,2,0,1,1,40,1020,1560,65.38,1,2.5,274,54.04,14.76,270,0.35,1020,92.01,5
0,39,36,3,6.94E-05,0.003623294,0,0.744939271,0.097337486,0.173645792,0.076923077,0.00591716,0.071005917,6.94E-05,5.91E-05,11,33,275,3,4,4,13,73,156,46.79,2,15.38,122,24.06,33.8,41.5,0.53,73,27,17
0,16,2,14,0.000739762,0.00079504,10.42857143,0.508333333,0.023697661,0.020761964,0.031558185,0.027613412,0.003944773,0.000739762,0.000737005,8,13,20,174,175,175,2,2,2,100,1,50,8,1.58,61.54,0,0,2,0,0
0,11,3,8,0.006139547,0.001025221,2.25,0.377777778,0.01592268,0.154088341,0.021696252,0.015779093,0.00591716,0.006139547,0.00581604,7,10,274,167,168,168,1,0,0,-1,1,100,3,0.59,100,0,-1,0,0,-1
0,2,0,2,0,0.000703452,0,0,0,0,0.003944773,0.003944773,0,0,0,2,2,0,2,3,3,40,1096,1560,70.26,1,2.5,260,51.28,13.96,232,0.3,1096,6.38,0
0,13,0,13,0,0.000703452,26.15384615,0.653846154,0.078686258,0,0.025641026,0.025641026,0,0,0,6,12,0,169,170,170,1,0,0,-1,1,100,22,4.34,100,0,-1,0,0,-1
0,67,29,38,2.67E-06,0.00189526,31.52631579,0.953058321,0.196913642,0.06339814,0.132149901,0.07495069,0.057199211,2.67E-06,2.86E-06,10,59,60,211,212,212,2,2,2,100,1,50,70,13.81,59.32,0,0,2,0,0
1,21,10,11,0.000529986,0.001675885,7.090909091,0.733333333,0.046370501,0.058463561,0.041420118,0.021696252,0.019723866,0.000529986,0.000566055,7,15,68,175,176,176,20,324,380,85.26,1,5,61,12.03,12.9,28,0.15,324,0,0
1,67,29,38,2.67E-06,0.00189526,31.52631579,0.953058321,0.196913642,0.06339814,0.132149901,0.07495069,0.057199211,2.67E-06,2.86E-06,10,59,60,211,212,212,3,2,6,33.33,1,33.33,106,20.91,65.43,2,0.67,2,0,0
1,75,32,43,0.000571831,0.002306684,31.72093023,0.8,0.115316345,0.180364063,0.147928994,0.084812623,0.063116371,0.000571831,0.000568974,27,59,274,167,168,168,15,93,210,44.29,1,6.67,232,45.76,43.94,58.5,0.56,93,11.86,5
0,27,12,15,0.005451064,0.002036553,6.933333333,0.521052632,0.024671364,0.152187971,0.053254438,0.029585799,0.023668639,0.005451064,0.005651284,15,18,274,167,168,168,2,1,2,50,1,50,16,3.16,76.19,0.5,0.5,1,1,50
0,64,28,36,0.000210171,0.00219581,31.47222222,0.936936937,0.152110098,0.147635988,0.126232742,0.071005917,0.055226824,0.000210171,0.000205502,11,58,274,167,168,168,22,119,462,25.76,4,18.18,199,39.25,24.15,171.5,0.74,119,6.58,1
0,21,6,15,0.000218184,0.001221098,7.666666667,0.591666667,0.111766151,0.022883027,0.041420118,0.029585799,0.01183432,0.000218184,0.000216585,5,13,37,50,51,51,5,5,20,25,1,20,50,9.86,60.24,7.5,0.75,5,0,0
0,65,29,36,6.05E-05,0.002287414,30.27777778,0.947447447,0.181950376,0.147783329,0.128205128,0.071005917,0.057199211,6.05E-05,6.02E-05,11,58,274,167,168,168,1,0,0,-1,1,100,34,6.71,100,0,-1,0,0,-1
0,12,2,10,0.000159092,0.000786174,13.5,0.46969697,0.044570365,0.042015336,0.023668639,0.019723866,0.003944773,0.000159092,0.000153873,3,11,60,211,212,212,1,0,0,-1,1,100,51,10.06,100,0,-1,0,0,-1
0,4,2,2,0,0.000912494,5.5,1,0.261904762,0.00443787,0.007889546,0.003944773,0.003944773,0,0,1,4,3,10,11,11,21,329,420,78.33,1,4.76,65,12.82,13.1,45.5,0.22,329,0,0
0,3,1,2,3.90E-06,0.000902777,0,0.333333333,0,0.001972387,0.00591716,0.003944773,0.001972387,3.90E-06,3.90E-06,2,2,1,2,3,3,40,1096,1560,70.26,1,2.5,260,51.28,13.96,232,0.3,1096,6.38,0
0,78,37,41,3.62E-06,0.003058941,37,0.984146341,0.5909948,0.072978304,0.153846154,0.08086785,0.072978304,3.62E-06,3.62E-06,4,74,37,211,212,212,5,4,20,20,1,20,76,14.99,79.17,8,0.8,4,0,0
1,82,38,44,0.002508968,0.002551556,31.11363636,0.64586357,0.105678841,0.18791738,0.1617357,0.08678501,0.07495069,0.002508968,0.002640566,41,59,274,167,168,168,13,20,156,12.82,2,15.38,265,52.27,40.52,68,0.87,20,0,0
0,1,1,0,0,0.002826399,0,0,0,0.004508312,0.001972387,0,0.001972387,0,0,1,1,4,0,1,1,7,8,42,19.05,2,28.57,168,33.14,59.36,17,0.81,8,0,0
1,67,29,38,0.000358023,0.002290194,29.65789474,0.866396761,0.1568899,0.147783329,0.132149901,0.07495069,0.057199211,0.000358023,0.000338719,13,58,274,167,168,168,16,52,240,21.67,1,6.25,256,50.49,47.41,94,0.78,52,26.75,11
0,4,3,1,0,0.002737486,3,1,0.5,0.007044238,0.007889546,0.001972387,0.00591716,0,0,1,4,5,53,54,54,3,1,6,16.67,2,66.67,98,19.33,89.09,2.5,0.83,1,0,0
0,43,35,8,0.000230288,0.002488749,5.5,0.747560976,0.100151885,0.083536373,0.084812623,0.015779093,0.069033531,0.000230288,0.000235833,15,35,60,211,212,212,56,1340,3080,43.51,1,1.79,288,56.8,11.21,870,0.56,1340,113.25,3
0,78,37,41,0.000144328,0.003058941,36.92682927,0.947560976,0.602175884,0.072978304,0.153846154,0.08086785,0.072978304,0.000144328,0.000144328,4,74,37,211,212,212,1,0,0,-1,1,100,2,0.39,100,0,-1,0,0,-1
0,1,1,0,0,0.000757813,0,0,0,0.001972387,0.001972387,0,0.001972387,0,0,1,1,1,0,1,1,19,89,342,26.02,1,5.26,202,39.84,30.38,126.5,0.74,89,19.6,5
0,18,0,18,0,0.000703452,10.33333333,0.692810458,0.146074706,0,0.035502959,0.035502959,0,0,0,6,14,0,52,53,53,4,4,12,33.33,1,25,56,11.05,47.46,4,0.67,4,0,0
0,1,0,1,0,0.000703452,0,0,0,0,0.001972387,0.001972387,0,0,0,1,1,0,1,2,2,3,0,6,0,3,100,44,8.68,95.65,3,1,0,0,0
0,7,6,1,0.000515383,0.003041807,2,0.666666667,0.006602954,0.150793173,0.013806706,0.001972387,0.01183432,0.000515383,0.000602241,6,6,274,167,168,168,2,0,2,0,2,100,97,19.13,100,1,1,0,0,0
0,13,13,0,0,0.003031196,0,0.474358974,0.143122677,0.045443787,0.025641026,0,0.025641026,0,0,5,9,48,0,1,1,2,1,2,50,1,50,99,19.53,91.67,0.5,0.5,1,0,0
0,7,3,4,0.000114149,0.000874277,2.25,0.095238095,0.010411781,0.138910784,0.013806706,0.007889546,0.00591716,0.000114149,0.000118992,5,7,274,167,168,168,6,23,30,76.67,1,16.67,44,8.68,29.53,3.5,0.23,23,0,0
1,24,12,12,0.001256164,0.002009608,8.166666667,0.691176471,0.040171122,0.152187971,0.047337278,0.023668639,0.023668639,0.001256164,0.001359863,10,18,274,167,168,168,21,329,420,78.33,1,4.76,65,12.82,13.1,45.5,0.22,329,0,0
0,1,0,1,0,0.000703452,0,0,0,0,0.001972387,0.001972387,0,0,0,1,1,0,1,2,2,8,7,56,12.5,3,37.5,56,11.05,58.33,24.5,0.88,7,0,0
0,22,22,0,0,0.004115474,0,0.324675325,0.055519511,0.152073402,0.043392505,0,0.043392505,0,0,11,15,276,0,1,1,39,1021,1482,68.89,1,2.56,244,48.13,13.62,230.5,0.31,1021,39.74,2
0,33,30,3,0,0.002218844,15.66666667,0.997983871,0.269448009,0.177979442,0.065088757,0.00591716,0.059171598,0,0,2,33,274,167,168,168,39,1407,1482,94.94,1,2.56,43,8.48,2.77,37.5,0.05,1407,0,0
0,41,35,6,0.000116379,0.002488749,6.666666667,0.770512821,0.120008271,0.083536373,0.08086785,0.01183432,0.069033531,0.000116379,0.000122304,10,35,60,211,212,212,4,5,12,41.67,1,25,11,2.17,50,3.5,0.58,5,2,16
1,8,2,6,0.00070178,0.000975327,0,0.107142857,0.012717894,0.128366382,0.015779093,0.01183432,0.003944773,0.00070178,0.000949625,7,5,275,6,7,7,21,329,420,78.33,1,4.76,65,12.82,13.1,45.5,0.22,329,0,0
0,24,24,0,0,0.003611844,0,0.278985507,0.05689581,0.055419252,0.047337278,0,0.047337278,0,0,8,13,48,0,1,1,1,0,0,-1,1,100,1,0.2,-1,0,-1,0,0,0
0,6,6,0,0,0.001330454,0,0.066666667,0.093220339,0.019997266,0.01183432,0,0.01183432,0,0,5,4,32,0,1,1,41,1473,1640,89.82,1,2.44,216,42.6,11.74,83.5,0.1,1473,0.25,0
1,22,21,1,3.81E-05,0.005511347,0,0.307359307,0.028102913,0.169283278,0.043392505,0.001972387,0.041420118,3.81E-05,3.94E-05,10,15,277,1,2,2,37,962,1332,72.22,2,5.41,270,53.25,14.68,185,0.28,962,35.08,2
0,2,0,2,0,0.000703452,2.5,0,0.024390244,0,0.003944773,0.003944773,0,0,0,2,2,0,169,170,170,38,1078,1406,76.67,1,2.63,239,47.14,13.15,164,0.23,1078,0.31,0
0,34,31,3,0.000444372,0.002669166,0,0.828877005,0.745100456,0.063291694,0.067061144,0.00591716,0.061143984,0.000444372,0.000444372,4,31,38,3,4,4,3,3,6,50,1,33.33,15,2.96,53.57,1.5,0.5,3,0,0
0,6,0,6,0,0.000703452,9,0.733333333,0.346491228,0,0.01183432,0.01183432,0,0,0,2,6,0,51,52,52,3,4,6,66.67,1,33.33,9,1.78,50,1,0.33,4,0,0
0,4,0,4,0,0.000703452,0,0,1,0,0.007889546,0.007889546,0,0,0,4,2,0,4,5,5,45,706,1980,35.66,7,15.56,184,36.29,11.92,637,0.64,706,0,0
0,26,7,19,0.000350993,0.001134242,10.42105263,0.391812865,0.011916729,0.013806706,0.051282051,0.037475345,0.013806706,0.000350993,0.000322446,12,18,7,179,180,180,39,1022,1482,68.96,1,2.56,249,49.11,13.53,230,0.31,1022,32.29,2
0,25,17,8,0.007702201,0.002035676,22,0.684782609,0.048126913,0.033634382,0.049309665,0.015779093,0.033530572,0.007702201,0.00803189,5,23,18,241,242,242,3,0,6,0,3,100,38,7.5,74.51,3,1,0,2,33
0,26,19,7,0.000317997,0.003647025,4.857142857,0.486166008,0.153917439,0.042860274,0.051282051,0.013806706,0.037475345,0.000317997,0.000260542,12,14,37,50,51,51,2,1,2,50,1,50,209,41.22,81.64,0.5,0.5,1,0,0
0,65,30,35,0.000392303,0.002369307,31.02857143,0.935435435,0.247406299,0.147930964,0.128205128,0.069033531,0.059171598,0.000392303,0.00039259,10,58,274,167,168,168,2,0,2,0,2,100,10,1.97,83.33,1,1,0,0,0
0,5,1,4,1.75E-05,0.001198639,1.25,0.166666667,0.003454231,0.003522119,0.009861933,0.007889546,0.001972387,1.75E-05,1.75E-05,3,3,5,172,173,173,47,1144,2162,52.91,2,4.26,259,51.08,13.26,509,0.47,1144,294.31,13
0,2,0,2,0,0.000703452,0,0,0.055555556,0,0.003944773,0.003944773,0,0,0,2,2,0,2,3,3,39,955,1482,64.44,1,2.56,269,53.06,15.44,263.5,0.36,955,10.21,0
0,24,12,12,0.000974053,0.002009608,7.666666667,0.691176471,0.042932758,0.152187971,0.047337278,0.023668639,0.023668639,0.000974053,0.001010732,10,18,274,167,168,168,1,0,0,-1,1,100,17,3.35,100,0,-1,0,0,-1
0,4,4,0,0,0.004645436,0,0.666666667,0.204918033,0.033933533,0.007889546,0,0.007889546,0,0,2,3,40,0,1,1,22,130,462,28.14,2,9.09,51,10.06,15.41,166,0.72,130,0,0
0,77,37,40,1.03E-07,0.003057388,37.875,0.996153846,0.599614821,0.072978304,0.151873767,0.078895464,0.072978304,1.03E-07,1.03E-07,3,74,37,211,212,212,34,930,1122,82.89,4,11.76,49,9.66,3.83,96,0.17,930,93,8
0,1,1,0,0,0.000788587,0,0,0,0.021908663,0.001972387,0,0.001972387,0,0,1,1,38,0,1,1,4,4,12,33.33,1,25,120,23.67,64.17,4,0.67,4,0,0
0,9,4,5,0.001509321,0.00256316,2.4,0.321428571,0.004860908,0.121376144,0.017751479,0.009861933,0.007889546,0.001509321,0.001543821,5,6,274,167,168,168,1,0,0,-1,1,100,4,0.79,100,0,-1,0,0,-1
0,15,2,13,0.00064249,0.00080658,10.76923077,0.552380952,0.023761917,0.020761964,0.029585799,0.025641026,0.003944773,0.00064249,0.000631168,7,13,20,218,219,219,22,167,462,36.15,2,9.09,65,12.82,16.37,147.5,0.64,167,51.26,11
0,1,0,1,0,0.000703452,1,0,0,0,0.001972387,0.001972387,0,0,0,1,1,0,2,3,3,2,0,2,0,2,100,35,6.9,52.24,1,1,0,0,0
0,7,1,6,1.95E-06,0.000843361,1.5,0.4,0.042168675,0.001972387,0.013806706,0.01183432,0.001972387,1.95E-06,1.95E-06,4,5,1,8,9,9,1,0,0,-1,1,100,4,0.79,100,0,-1,0,0,-1
0,68,31,37,0.001219219,0.002396767,30.7027027,0.819230769,0.096038431,0.148227123,0.134122288,0.072978304,0.061143984,0.001219219,0.001188682,16,58,274,167,168,168,3,1,6,16.67,2,66.67,4,0.79,66.67,2.5,0.83,1,1,16
0,67,29,38,0.000376126,0.002290194,30.92105263,0.866396761,0.108700627,0.147783329,0.132149901,0.07495069,0.057199211,0.000376126,0.000345677,11,58,274,167,168,168,53,1459,2756,52.94,5,9.43,249,49.11,13.3,648.5,0.47,1459,146.03,5
1,75,31,44,0.000985738,0.002272177,31,0.800966184,0.156562314,0.17948957,0.147928994,0.08678501,0.061143984,0.000985738,0.000998995,29,59,274,167,168,168,2,0,2,0,2,100,9,1.78,100,1,1,0,1,50
1,75,31,44,0.001868064,0.002269974,31.11363636,0.78647343,0.122028392,0.184407093,0.147928994,0.08678501,0.061143984,0.001868064,0.001900966,27,59,274,167,168,168,46,1241,2070,59.95,1,2.17,274,54.04,11.7,414.5,0.4,1241,60.5,2
0,31,21,10,0.000766478,0.003939231,7.4,0.45,0.140590537,0.044265529,0.061143984,0.019723866,0.041420118,0.000766478,0.000799137,13,14,37,50,51,51,13,78,156,50,2,15.38,103,20.32,18.23,39,0.5,78,0,0
0,65,29,36,6.05E-05,0.002287414,30.27777778,0.947447447,0.181950376,0.147783329,0.128205128,0.071005917,0.057199211,6.05E-05,6.02E-05,11,58,274,167,168,168,6,10,30,33.33,2,33.33,112,22.09,40.43,10,0.67,10,4,13
0,69,29,40,2.65E-05,0.001897336,30,0.880769231,0.148385043,0.06339814,0.136094675,0.078895464,0.057199211,2.65E-05,2.67E-05,13,59,60,211,212,212,3,2,6,33.33,1,33.33,24,4.73,63.16,2,0.67,2,0,0
0,4,0,4,0,0.000703452,3.75,0.666666667,0.104761905,0,0.007889546,0.007889546,0,0,0,2,4,0,213,214,214,41,1443,1640,87.99,2,4.88,213,42.01,11.79,98.5,0.12,1443,37.03,2
0,36,31,5,0.000518748,0.002368338,11.2,0.863865546,0.161797787,0.178408308,0.071005917,0.009861933,0.061143984,0.000518748,0.000500034,7,33,274,167,168,168,50,1263,2450,51.55,1,2,287,56.61,11.87,593.5,0.48,1263,94.78,3
0,78,37,41,3.62E-06,0.003058941,37,0.984146341,0.5909948,0.072978304,0.153846154,0.08086785,0.072978304,3.62E-06,3.62E-06,4,74,37,211,212,212,10,42,90,46.67,1,10,37,7.3,20.33,24,0.53,42,9,10
0,2,1,1,0,0.000768414,0,1,1,0.037975016,0.003944773,0.001972387,0.001972387,0,0,1,2,38,1,2,2,4,0,12,0,4,100,4,0.79,-1,6,1,0,3,25
0,65,29,36,6.05E-05,0.002287414,30.27777778,0.947447447,0.181950376,0.147783329,0.128205128,0.071005917,0.057199211,6.05E-05,6.02E-05,11,58,274,167,168,168,5,0,20,0,5,100,46,9.07,86.79,10,1,0,0,0
0,78,37,41,3.62E-06,0.003058941,37,0.984146341,0.5909948,0.072978304,0.153846154,0.08086785,0.072978304,3.62E-06,3.62E-06,4,74,37,211,212,212,43,1044,1806,57.81,1,2.33,269,53.06,14.15,381,0.42,1044,85.59,4
0,4,2,2,8.72E-06,0.001115243,0,0.333333333,0.076923077,0.025862069,0.007889546,0.003944773,0.003944773,8.72E-06,1.56E-05,3,3,39,2,3,3,33,930,1056,88.07,2,6.06,269,53.06,15.07,63,0.12,930,30,2
0,1,0,1,0,0.000703452,0,0,0,0,0.001972387,0.001972387,0,0,0,1,1,0,1,2,2,38,1078,1406,76.67,1,2.63,239,47.14,13.15,164,0.23,1078,0.31,0
0,69,29,40,0.000742083,0.001897336,31.3,0.862820513,0.118972537,0.06339814,0.136094675,0.078895464,0.057199211,0.000742083,0.000797528,12,59,60,211,212,212,40,1030,1560,66.03,1,2.5,274,54.04,14.73,265,0.34,1030,57.57,3
0,1,1,0,0,0.001087161,0,0,0,0.002629849,0.001972387,0,0.001972387,0,0,1,1,2,0,1,1,39,1080,1482,72.87,1,2.56,240,47.34,12.88,201,0.27,1080,31.31,2
1,80,38,42,0.000786774,0.002549255,32.47619048,0.694117647,0.110219091,0.18791738,0.157790927,0.082840237,0.07495069,0.000786774,0.000786859,38,59,274,167,168,168,11,25,110,22.73,1,9.09,113,22.29,25.28,42.5,0.77,25,0,0
0,3,1,2,0,0.000857735,1,0.666666667,0.017241379,0.112180981,0.00591716,0.003944773,0.001972387,0,0,2,3,274,167,168,168,1,0,0,-1,1,100,65,12.82,100,0,-1,0,0,-1
0,2,0,2,0,0.000703452,0,0,1,0,0.003944773,0.003944773,0,0,0,2,2,0,2,3,3,5,0,20,0,5,100,44,8.68,93.62,10,1,0,4,20
0,4,0,4,0,0.000703452,3.75,0.666666667,0.104761905,0,0.007889546,0.007889546,0,0,0,2,4,0,213,214,214,18,122,306,39.87,1,5.56,234,46.15,38.3,92,0.6,122,12.63,4
0,24,12,12,0.000224623,0.002123965,10.25,0.733333333,0.183220234,0.034179712,0.047337278,0.023668639,0.023668639,0.000224623,0.000304073,6,14,37,50,51,51,39,989,1482,66.73,1,2.56,253,49.9,14.39,246.5,0.33,989,56.05,3
0,67,29,38,2.67E-06,0.00189526,31.52631579,0.953058321,0.196913642,0.06339814,0.132149901,0.07495069,0.057199211,2.67E-06,2.86E-06,10,59,60,211,212,212,3,3,6,50,1,33.33,15,2.96,55.56,1.5,0.5,3,0,0
0,5,5,0,0,0.001195811,0,0.6,0.130434783,0.141385531,0.009861933,0,0.009861933,0,0,3,4,275,0,1,1,38,1031,1406,73.33,1,2.63,243,47.93,13.62,187.5,0.27,1031,47,3
0,2,1,1,3.90E-06,0.000778199,0,0,0,0.001972387,0.003944773,0.001972387,0.001972387,3.90E-06,3.90E-06,2,1,1,1,2,2,4,4,12,33.33,1,25,56,11.05,47.46,4,0.67,4,0,0
1,37,28,9,0.061831475,0.009120972,6.888888889,0.145645646,0.013802422,0.214918571,0.072978304,0.017751479,0.055226824,0.061831475,0.062245402,36,13,274,167,168,168,2,0,2,0,2,100,4,0.79,100,1,1,0,0,0
0,6,0,6,0,0.000703452,9.833333333,0.466666667,0.020222971,0,0.01183432,0.01183432,0,0,0,5,6,0,169,170,170,41,1473,1640,89.82,1,2.44,216,42.6,11.74,83.5,0.1,1473,0.25,0
0,33,30,3,0,0.002218844,15.66666667,0.997983871,0.269448009,0.177979442,0.065088757,0.00591716,0.059171598,0,0,2,33,274,167,168,168,9,9,72,12.5,3,33.33,260,51.28,61.76,31.5,0.88,9,5,6
0,3,0,3,0,0.000703452,0.666666667,0.333333333,0,0,0.00591716,0.00591716,0,0,0,2,2,0,4,5,5,45,1237,1980,62.47,1,2.22,277,54.64,12.62,371.5,0.38,1237,85,4
0,30,12,18,0.000472851,0.002171858,8.333333333,0.545454545,0.139841885,0.034179712,0.059171598,0.035502959,0.023668639,0.000472851,0.000555559,11,14,37,50,51,51,21,329,420,78.33,1,4.76,65,12.82,13.1,45.5,0.22,329,0,0
0,22,7,15,0.000448816,0.001308851,7,0.463235294,0.099759904,0.023078609,0.043392505,0.029585799,0.013806706,0.000448816,0.000447216,7,13,37,50,51,51,1,0,0,-1,1,100,8,1.58,100,0,-1,0,0,-1
1,74,31,43,0.000819281,0.002421531,31.72093023,0.825252525,0.162087268,0.17948957,0.145956607,0.084812623,0.061143984,0.000819281,0.000820004,25,59,274,167,168,168,4,2,12,16.67,2,50,63,12.43,85.14,5,0.83,2,0,0
0,33,32,1,0,0.002554737,0,0.998106061,0.495443645,0.066119374,0.065088757,0.001972387,0.063116371,0,0,2,33,61,1,2,2,21,329,420,78.33,1,4.76,65,12.82,13.1,45.5,0.22,329,0,0
0,78,37,41,3.62E-06,0.003058941,37,0.984146341,0.5909948,0.072978304,0.153846154,0.08086785,0.072978304,3.62E-06,3.62E-06,4,74,37,211,212,212,41,1473,1640,89.82,1,2.44,216,42.6,11.74,83.5,0.1,1473,0.25,0
0,2,0,2,0,0.000703452,23.5,0,0.002375297,0,0.003944773,0.003944773,0,0,0,2,2,0,169,170,170,1,0,0,-1,1,100,16,3.16,100,0,-1,0,0,-1
0,21,7,14,2.94E-05,0.001117156,9.071428571,0.505494505,0.017614521,0.013806706,0.041420118,0.027613412,0.013806706,2.94E-05,2.94E-05,7,18,7,179,180,180,38,1076,1406,76.53,1,2.63,239,47.14,13.15,165,0.23,1076,64.31,4
0,43,33,10,0.00044115,0.002701794,14.2,0.788124157,0.114507088,0.160955321,0.084812623,0.019723866,0.065088757,0.00044115,0.000565704,8,39,274,167,168,168,21,329,420,78.33,1,4.76,65,12.82,13.1,45.5,0.22,329,0,0
0,67,29,38,0.00064971,0.00189526,32.94736842,0.886201991,0.130439679,0.06339814,0.132149901,0.07495069,0.057199211,0.00064971,0.000687382,10,59,60,211,212,212,2,0,2,0,2,100,2,0.39,-1,1,1,0,0,0
0,3,2,1,3.61E-05,0.000795943,0,0,0.004065041,0.019723866,0.00591716,0.001972387,0.003944773,3.61E-05,3.70E-05,3,3,20,1,2,2,50,1254,2450,51.18,1,2,290,57.2,12.43,598,0.49,1254,201.6,8
0,79,31,48,0.005178238,0.002021431,31.54166667,0.599183673,0.032790824,0.064550834,0.15581854,0.094674556,0.061143984,0.005178238,0.005353923,21,59,60,211,212,212,43,965,1806,53.43,2,4.65,279,55.03,14.52,420.5,0.47,965,194.95,10
0,35,30,5,0.00159623,0.002218844,9.4,0.882352941,0.263979816,0.177979442,0.069033531,0.009861933,0.059171598,0.00159623,0.00159623,4,33,274,167,168,168,4,3,12,25,1,25,242,47.73,66.12,4.5,0.75,3,0,0
0,69,29,40,2.65E-05,0.001897336,30,0.880769231,0.148385043,0.06339814,0.136094675,0.078895464,0.057199211,2.65E-05,2.67E-05,13,59,60,211,212,212,17,113,272,41.54,1,5.88,60,11.83,19.29,79.5,0.58,113,14.99,5
0,37,16,21,0,0.001956476,17.38095238,0.985714286,0.655352042,0.031952663,0.072978304,0.041420118,0.031558185,0,0,4,32,18,241,242,242,20,66,380,17.37,5,25,130,25.64,24.9,157,0.83,66,0,0
0,3,2,1,0,0.00100244,0,0.666666667,0.008,0.003944773,0.00591716,0.001972387,0.003944773,0,0,2,3,2,1,2,2,51,1304,2550,51.14,1,1.96,286,56.41,12.22,623,0.49,1304,39.77,1
0,37,16,21,0,0.001956476,17.38095238,0.985714286,0.655352042,0.031952663,0.072978304,0.041420118,0.031558185,0,0,4,32,18,241,242,242,1,0,0,-1,1,100,12,2.37,100,0,-1,0,0,-1
0,79,31,48,0.002343304,0.002273943,28.47916667,0.685714286,0.056834147,0.184177731,0.15581854,0.094674556,0.061143984,0.002343304,0.002304689,33,59,274,167,168,168,37,1030,1332,77.33,1,2.7,242,47.73,13.62,151,0.23,1030,31,2
0,3,3,0,0,0.00111468,0,0.666666667,0.268292683,0.007044238,0.00591716,0,0.00591716,0,0,2,3,5,0,1,1,1,0,0,-1,1,100,4,0.79,100,0,-1,0,0,-1
0,41,36,5,0.00045879,0.003623294,8.4,0.744939271,0.097337486,0.172787509,0.08086785,0.009861933,0.071005917,0.00045879,0.000467723,11,34,274,167,168,168,2,0,2,0,2,100,16,3.16,76.19,1,1,0,0,0
0,7,0,7,0,0.000703452,6,0.047619048,0.014306741,0,0.013806706,0.013806706,0,0,0,6,7,0,169,170,170,23,329,506,65.02,3,13.04,66,13.02,13.2,88.5,0.35,329,36,7
0,29,12,17,0.000401583,0.002116812,9.294117647,0.642857143,0.135815165,0.035067497,0.057199211,0.033530572,0.023668639,0.000401583,0.000489293,10,14,37,50,51,51,33,930,1056,88.07,2,6.06,271,53.45,15.08,63,0.12,930,32,3
0,78,37,41,3.62E-06,0.003058941,37,0.984146341,0.5909948,0.072978304,0.153846154,0.08086785,0.072978304,3.62E-06,3.62E-06,4,74,37,211,212,212,38,1078,1406,76.67,1,2.63,239,47.14,13.15,164,0.23,1078,0.31,0
0,6,3,3,0.00037487,0.00163067,4,0.4,0.088172043,0.021095291,0.01183432,0.00591716,0.00591716,0.00037487,0.00037542,4,4,37,50,51,51,6,6,30,20,2,33.33,243,47.93,82.37,12,0.8,6,4.5,15
1,8,1,7,0.003772482,0.000799581,1.142857143,0.142857143,0.012938184,0.108881541,0.015779093,0.013806706,0.001972387,0.003772482,0.003772482,7,5,274,167,168,168,51,1304,2550,51.14,1,1.96,286,56.41,12.22,623,0.49,1304,39.77,1
0,5,2,3,0,0.000956972,5.666666667,1,0.28125,0.025001826,0.009861933,0.00591716,0.003944773,0,0,1,5,37,50,51,51,40,1025,1560,65.71,1,2.5,248,48.92,13.72,267.5,0.34,1025,55.26,3
0,1,1,0,0,0.001121715,0,0,0,0.005259698,0.001972387,0,0.001972387,0,0,1,1,8,0,1,1,4,0,12,0,4,100,5,0.99,83.33,6,1,0,0,0
1,77,33,44,0.005424433,0.00243629,31.88636364,0.759481961,0.087790119,0.188395541,0.151873767,0.08678501,0.065088757,0.005424433,0.005144321,26,59,274,167,168,168,3,0,6,0,3,100,17,3.35,100,3,1,0,0,0
0,1,1,0,0,0.000852946,0,0,0,0.001972387,0.001972387,0,0.001972387,0,0,1,1,1,0,1,1,41,1473,1640,89.82,1,2.44,216,42.6,11.74,83.5,0.1,1473,0.25,0
0,2,2,0,0,0.000880199,0,0,0.096774194,0.028768952,0.003944773,0,0.003944773,0,0,2,2,38,0,1,1,37,1002,1332,75.23,1,2.7,245,48.32,14.14,165,0.25,1002,34.21,2
0,23,7,16,0.000149141,0.001125207,10.8125,0.408333333,0.014365572,0.013806706,0.045364892,0.031558185,0.013806706,0.000149141,0.000122587,9,18,7,179,180,180,32,930,992,93.75,1,3.13,268,52.86,15.03,31,0.06,930,0,0
0,78,37,41,3.62E-06,0.003058941,37,0.984146341,0.5909948,0.072978304,0.153846154,0.08086785,0.072978304,3.62E-06,3.62E-06,4,74,37,211,212,212,15,94,210,44.76,1,6.67,232,45.76,43.36,58,0.55,94,11.86,5
1,84,38,46,0.00861914,0.003379768,30.89130435,0.659607843,0.050782735,0.189601659,0.165680473,0.090729783,0.07495069,0.00861914,0.008118698,32,59,274,167,168,168,2,0,2,0,2,100,41,8.09,97.62,1,1,0,0,0
0,6,2,4,5.65E-05,0.000754857,0.25,0.066666667,0.006700168,0.003944773,0.01183432,0.007889546,0.003944773,5.65E-05,5.65E-05,5,3,2,175,176,176,32,930,992,93.75,1,3.13,268,52.86,15.03,31,0.06,930,0,0
0,3,2,1,0,0.000965378,3,1,0.3125,0.003944773,0.00591716,0.001972387,0.003944773,0,0,1,3,2,54,55,55,50,1259,2450,51.39,2,4,292,57.59,11.96,595.5,0.49,1259,159.13,6
0,1,0,1,0,0.000703452,0,0,0,0,0.001972387,0.001972387,0,0,0,1,1,0,1,2,2,46,1233,2070,59.57,1,2.17,276,54.44,12.42,418.5,0.4,1233,107.75,5
0,37,16,21,0,0.001956476,17.38095238,0.985714286,0.655352042,0.031952663,0.072978304,0.041420118,0.031558185,0,0,4,32,18,241,242,242,46,1075,2070,51.93,1,2.17,267,52.66,13.84,497.5,0.48,1075,330.71,15
0,1,1,0,0,0.000858819,0,0,0,0.143424746,0.001972387,0,0.001972387,0,0,1,1,275,0,1,1,17,81,272,29.78,3,17.65,63,12.43,22.74,95.5,0.7,81,24.67,9
0,27,7,20,0.001193492,0.001136676,22.35,0.431578947,0.038737128,0.013806706,0.053254438,0.039447732,0.013806706,0.001193492,0.001412069,8,18,7,179,180,180,25,162,600,27,1,4,64,12.62,16.04,219,0.73,162,73,12
1,13,0,13,0,0.000703452,6.153846154,0.256410256,0.013885309,0,0.025641026,0.025641026,0,0,0,12,9,0,173,174,174,18,118,306,38.56,1,5.56,63,12.43,19.21,94,0.61,118,34.47,11
0,7,6,1,8.12E-06,0.00287066,0,0.80952381,0.336774194,0.033507367,0.013806706,0.001972387,0.01183432,8.12E-06,8.45E-06,2,6,38,1,2,2,12,89,132,67.42,1,8.33,54,10.65,22.5,21.5,0.33,89,0.11,0
0,5,4,1,0,0.001402444,0,0.7,0.224489796,0.024,0.009861933,0.001972387,0.007889546,0,0,3,4,39,1,2,2,22,165,462,35.71,2,9.09,68,13.41,16.79,148.5,0.64,165,64.34,13
1,1,0,1,0,0.000703452,0,0,0,0,0.001972387,0.001972387,0,0,0,1,1,0,1,2,2,1,0,0,-1,1,100,11,2.17,100,0,-1,0,0,-1
0,6,1,5,0,0.000822937,2,0.5,0.036194416,0.001972387,0.01183432,0.009861933,0.001972387,0,0,3,5,1,8,9,9,2,1,2,50,1,50,23,4.54,82.14,0.5,0.5,1,0,0
0,1,1,0,0,0.001301428,0,0,0,0.001972387,0.001972387,0,0.001972387,0,0,1,1,1,0,1,1,7,2,42,4.76,5,71.43,144,28.4,60.25,20,0.95,2,11,26
0,66,29,37,0.000473459,0.002288841,30.54054054,0.890469417,0.153293286,0.147783329,0.130177515,0.072978304,0.057199211,0.000473459,0.000475013,11,58,274,167,168,168,41,1473,1640,89.82,1,2.44,216,42.6,11.74,83.5,0.1,1473,0.25,0
0,71,29,42,0.000399409,0.001899218,31.52380952,0.802555168,0.083732196,0.06339814,0.140039448,0.082840237,0.057199211,0.000399409,0.000253562,17,59,60,211,212,212,3,3,6,50,1,33.33,19,3.75,73.08,1.5,0.5,3,0,0
0,24,12,12,0.000167708,0.001855973,10.25,0.654411765,0.180541331,0.029672497,0.047337278,0.023668639,0.023668639,0.000167708,0.000172386,7,14,37,50,51,51,21,329,420,78.33,1,4.76,65,12.82,13.1,45.5,0.22,329,0,0
0,78,37,41,3.62E-06,0.003058941,37,0.984146341,0.5909948,0.072978304,0.153846154,0.08086785,0.072978304,3.62E-06,3.62E-06,4,74,37,211,212,212,2,0,2,0,2,100,205,40.43,100,1,1,0,0,0
0,4,3,1,1.17E-05,0.002497381,0,0,0,0.00591716,0.007889546,0.001972387,0.00591716,1.17E-05,1.17E-05,4,1,3,1,2,2,37,1012,1332,75.98,1,2.7,265,52.27,15,160,0.24,1012,3.34,0
0,78,37,41,3.62E-06,0.003058941,37,0.984146341,0.5909948,0.072978304,0.153846154,0.08086785,0.072978304,3.62E-06,3.62E-06,4,74,37,211,212,212,3,2,6,33.33,1,33.33,107,21.1,65.64,2,0.67,2,0,0
0,78,37,41,3.62E-06,0.003058941,37,0.984146341,0.5909948,0.072978304,0.153846154,0.08086785,0.072978304,3.62E-06,3.62E-06,4,74,37,211,212,212,3,0,6,0,3,100,44,8.68,93.62,3,1,0,2,33
1,3,1,2,4.48E-05,0.000751726,0.5,0.333333333,0.012722646,0.014742754,0.00591716,0.003944773,0.001972387,4.48E-05,4.48E-05,2,3,21,169,170,170,41,1473,1640,89.82,1,2.44,216,42.6,11.74,83.5,0.1,1473,0.25,0
0,14,6,8,0.000648357,0.001434212,4.5,0.515151515,0.015923873,0.159224619,0.027613412,0.015779093,0.01183432,0.000648357,0.000644219,12,12,274,167,168,168,12,12,132,9.09,8,66.67,102,20.12,41.46,60,0.91,12,0,0
0,78,37,41,3.62E-06,0.003058941,37,0.984146341,0.5909948,0.072978304,0.153846154,0.08086785,0.072978304,3.62E-06,3.62E-06,4,74,37,211,212,212,19,78,342,22.81,5,26.32,179,35.31,36.76,132,0.77,78,0,0
1,2,1,1,0,0.000800551,0,1,0.000999001,0.091230419,0.003944773,0.001972387,0.001972387,0,0,1,2,275,1,2,2,15,92,210,43.81,2,13.33,229,45.17,42.25,59,0.56,92,11.86,5
0,4,4,0,0,0.001420676,0,0.166666667,0.07761194,0.032353256,0.007889546,0,0.007889546,0,0,3,4,46,0,1,1,78,2121,6006,35.31,1,1.28,272,53.65,8.45,1942.5,0.65,2121,1277.2,21
0,1,0,1,0,0.000703452,0,0,0,0,0.001972387,0.001972387,0,0,0,1,1,0,1,2,2,15,93,210,44.29,1,6.67,230,45.36,43.64,58.5,0.56,93,11.86,5
1,3,3,0,0,0.001277739,0,0,0.333333333,0.125384632,0.00591716,0,0.00591716,0,0,3,2,277,0,1,1,8,2,56,3.57,6,75,180,35.5,51.14,27,0.96,2,0,0
0,22,10,12,0.001226129,0.001685964,7.666666667,0.691666667,0.040286813,0.058463561,0.043392505,0.023668639,0.019723866,0.001226129,0.001111943,8,15,68,175,176,176,19,89,342,26.02,1,5.26,202,39.84,30.38,126.5,0.74,89,19.6,5
1,11,0,11,0,0.000703452,16.09090909,0.381818182,0.021353383,0,0.021696252,0.021696252,0,0,0,8,11,0,212,213,213,13,17,156,10.9,4,30.77,248,48.92,55.86,69.5,0.89,17,36,23
1,5,4,1,3.50E-06,0.000885921,4,0.4,0.007545333,0.14927308,0.009861933,0.001972387,0.007889546,3.50E-06,3.53E-06,3,5,274,167,168,168,41,1473,1640,89.82,1,2.44,216,42.6,11.74,83.5,0.1,1473,0.25,0
0,7,5,2,0.000695329,0.003918993,3,0.7,0.015258856,0.128988585,0.013806706,0.003944773,0.009861933,0.000695329,0.000787395,3,6,274,167,168,168,16,71,240,29.58,2,12.5,179,35.31,39.34,84.5,0.7,71,17.73,7
1,44,41,3,0.007301564,0.003004648,15.66666667,0.57585825,0.08927913,0.190823319,0.08678501,0.00591716,0.08086785,0.007301564,0.006955895,14,33,274,167,168,168,17,115,272,42.28,1,5.88,232,45.76,39.52,78.5,0.58,115,13.63,5
0,6,2,4,0.000159818,0.001692298,0.25,0.3,0.155660377,0.022900763,0.01183432,0.007889546,0.003944773,0.000159818,0.000159818,4,3,39,4,5,5,3,2,6,33.33,1,33.33,103,20.32,68.21,2,0.67,2,0,0
0,2,0,2,0,0.000703452,0,0,0,0,0.003944773,0.003944773,0,0,0,2,2,0,2,3,3,51,1304,2550,51.14,1,1.96,286,56.41,12.22,623,0.49,1304,39.77,1
0,1,0,1,0,0.000703452,3,0,0,0,0.001972387,0.001972387,0,0,0,1,1,0,168,169,169,3,2,6,33.33,1,33.33,20,3.94,76.92,2,0.67,2,1,16
0,12,12,0,0,0.002322125,0,0.090909091,0.027441406,0.162468301,0.023668639,0,0.023668639,0,0,8,7,279,0,1,1,3,0,6,0,3,100,15,2.96,83.33,3,1,0,2,33
1,75,30,45,0.000502936,0.002242898,30.24444444,0.794202899,0.075793906,0.17948957,0.147928994,0.088757396,0.059171598,0.000502936,0.000508041,27,59,274,167,168,168,2,0,2,0,2,100,10,1.97,100,1,1,0,1,50
0,1,1,0,0,0.001121715,0,0,0,0.005259698,0.001972387,0,0.001972387,0,0,1,1,8,0,1,1,17,116,272,42.65,1,5.88,231,45.56,39.02,78,0.57,116,13.63,5
0,67,29,38,2.67E-06,0.00189526,31.52631579,0.953058321,0.196913642,0.06339814,0.132149901,0.07495069,0.057199211,2.67E-06,2.86E-06,10,59,60,211,212,212,15,72,210,34.29,2,13.33,202,39.84,42.17,69,0.66,72,11.6,5
0,69,29,40,2.65E-05,0.001897336,30,0.880769231,0.148385043,0.06339814,0.136094675,0.078895464,0.057199211,2.65E-05,2.67E-05,13,59,60,211,212,212,3,1,6,16.67,2,66.67,210,41.42,94.17,2.5,0.83,1,1,16
1,8,7,1,0.001095337,0.014261735,1,0.095238095,0.006289308,0.141563241,0.015779093,0.001972387,0.013806706,0.001095337,0.001095337,6,2,282,1,2,2,1,0,0,-1,1,100,51,10.06,100,0,-1,0,0,-1
0,7,3,4,3.31E-05,0.001300334,0,0.333333333,0.193548387,0.006311637,0.013806706,0.007889546,0.00591716,3.31E-05,3.31E-05,5,4,4,4,5,5,51,1268,2550,49.73,1,1.96,282,55.62,11.51,641,0.5,1268,368.25,14
0,3,1,2,0,0.00076359,2,0.666666667,0.066115702,0.002629849,0.00591716,0.003944773,0.001972387,0,0,2,3,2,6,7,7,5,0,20,0,5,100,210,41.42,96.77,10,1,0,6,30
0,23,0,23,0,0.000703452,10.86956522,0.501976285,0.089733109,0,0.045364892,0.045364892,0,0,0,8,14,0,51,52,52,3,2,6,33.33,1,33.33,209,41.22,85.31,2,0.67,2,0,0
0,2,0,2,0,0.000703452,2,0,0,0,0.003944773,0.003944773,0,0,0,2,2,0,168,169,169,41,1473,1640,89.82,1,2.44,216,42.6,11.74,83.5,0.1,1473,0.25,0
0,21,17,4,0,0.002035676,9,0.989473684,0.679770992,0.033634382,0.041420118,0.007889546,0.033530572,0,0,2,20,18,241,242,242,12,56,132,42.42,3,25,74,14.6,28.91,38,0.58,56,27,20
1,1,0,1,0,0.000703452,3,0,0,0,0.001972387,0.001972387,0,0,0,1,1,0,168,169,169,15,80,210,38.1,1,6.67,249,49.11,46.54,65,0.62,80,14.61,6
0,38,34,4,0.001078345,0.002394212,11.75,0.791291291,0.226892874,0.178839246,0.07495069,0.007889546,0.067061144,0.001078345,0.001078345,8,33,274,167,168,168,13,73,156,46.79,1,7.69,141,27.81,21.83,41.5,0.53,73,0,0
0,34,17,17,0.001994125,0.004901626,8.941176471,0.575757576,0.125,0.040301451,0.067061144,0.033530572,0.033530572,0.001994125,0.001745747,11,14,37,50,51,51,45,1236,1980,62.42,1,2.22,277,54.64,12.63,372,0.38,1236,86,4
0,78,37,41,3.62E-06,0.003058941,37,0.984146341,0.5909948,0.072978304,0.153846154,0.08086785,0.072978304,3.62E-06,3.62E-06,4,74,37,211,212,212,95,1371,8930,15.35,0,10.53,220,43.39,9.37,3779.5,0.85,1371,0,0
0,37,16,21,0,0.001956476,17.38095238,0.985714286,0.655352042,0.031952663,0.072978304,0.041420118,0.031558185,0,0,4,32,18,241,242,242,14,32,182,17.58,1,7.14,113,22.29,25.11,75,0.82,32,20,10
0,22,6,16,0.000610583,0.001225205,6.625,0.463235294,0.115939977,0.022883027,0.043392505,0.031558185,0.01183432,0.000610583,0.000608983,7,13,37,50,51,51,12,14,132,10.61,3,25,260,51.28,39.51,59,0.89,14,5,3
0,7,7,0,0,0.002001075,0,0.571428571,0.232067511,0.033906265,0.013806706,0,0.013806706,0,0,3,5,38,0,1,1,4,2,12,16.67,2,50,135,26.63,84.91,5,0.83,2,1,8
0,69,29,40,2.65E-05,0.001897336,30,0.880769231,0.148385043,0.06339814,0.136094675,0.078895464,0.057199211,2.65E-05,2.67E-05,13,59,60,211,212,212,20,120,380,31.58,1,5,243,47.93,36.76,130,0.68,120,49.63,13
0,66,29,37,0.000849507,0.002288841,30.78378378,0.890469417,0.143728719,0.147783329,0.130177515,0.072978304,0.057199211,0.000849507,0.000760624,11,58,274,167,168,168,1,0,0,-1,1,100,7,1.38,100,0,-1,0,0,-1
0,12,5,7,0.006236595,0.001012238,0.714285714,0.227272727,0.025562151,0.156847251,0.023668639,0.013806706,0.009861933,0.006236595,0.006341874,11,7,275,12,13,13,28,339,756,44.84,2,7.14,67,13.21,12.57,208.5,0.55,339,0,0
0,1,0,1,0,0.000703452,1,0,0,0,0.001972387,0.001972387,0,0,0,1,1,0,2,3,3,1,0,0,-1,1,100,1,0.2,-1,0,-1,0,0,0
0,3,0,3,0,0.000703452,15.66666667,0.666666667,0.029330382,0,0.00591716,0.00591716,0,0,0,2,3,0,169,170,170,1,0,0,-1,1,100,33,6.51,100,0,-1,0,0,-1
0,9,1,8,1.56E-05,0.000872652,3.375,0.321428571,0.03280543,0.001972387,0.017751479,0.015779093,0.001972387,1.56E-05,1.56E-05,5,4,1,56,57,57,6,6,30,20,2,33.33,33,6.51,50,12,0.8,6,9,30
0,64,28,36,0.000183685,0.00219581,31.5,0.936936937,0.151512389,0.147635988,0.126232742,0.071005917,0.055226824,0.000183685,0.000185835,11,58,274,167,168,168,41,1048,1640,63.9,1,2.44,265,52.27,14.67,296,0.36,1048,22.25,1
0,2,0,2,0,0.000703452,3.5,1,0.01994302,0,0.003944773,0.003944773,0,0,0,1,2,0,168,169,169,15,80,210,38.1,3,20,239,47.14,32.38,65,0.62,80,23.5,11
0,1,0,1,0,0.000703452,0,0,0,0,0.001972387,0.001972387,0,0,0,1,1,0,1,2,2,2,1,2,50,1,50,33,6.51,94.29,0.5,0.5,1,0,0
0,66,29,37,0.000128424,0.002288841,30.54054054,0.908961593,0.155699918,0.147783329,0.130177515,0.072978304,0.057199211,0.000128424,0.000125933,12,58,274,167,168,168,4,5,12,41.67,1,25,31,6.11,56.36,3.5,0.58,5,0,0
0,1,0,1,0,0.000703452,0,0,0,0,0.001972387,0.001972387,0,0,0,1,1,0,1,2,2,3,0,6,0,3,100,103,20.32,92.79,3,1,0,0,0
0,37,16,21,0,0.001956476,17.38095238,0.985714286,0.655352042,0.031952663,0.072978304,0.041420118,0.031558185,0,0,4,32,18,241,242,242,1,0,0,-1,1,100,51,10.06,100,0,-1,0,0,-1
0,22,7,15,4.14E-05,0.001121435,8.2,0.485714286,0.014655155,0.013806706,0.043392505,0.029585799,0.013806706,4.14E-05,4.14E-05,9,18,7,179,180,180,1,0,0,-1,1,100,2,0.39,100,0,-1,0,0,-1
0,1,1,0,0,0.000766862,0,0,0,0.037975016,0.001972387,0,0.001972387,0,0,1,1,38,0,1,1,41,1473,1640,89.82,1,2.44,216,42.6,11.74,83.5,0.1,1473,0.25,0
0,2,2,0,0,0.001620379,0,0,0.090909091,0.030344409,0.003944773,0,0.003944773,0,0,2,2,40,0,1,1,40,1036,1560,66.41,1,2.5,243,47.93,13.55,262,0.34,1036,124,7
0,1,1,0,0,0.001054689,0,0,0,0.100624502,0.001972387,0,0.001972387,0,0,1,1,277,0,1,1,22,75,462,16.23,5,22.73,125,24.65,35.71,193.5,0.84,75,0,0
0,69,29,40,2.65E-05,0.001897336,30,0.880769231,0.148385043,0.06339814,0.136094675,0.078895464,0.057199211,2.65E-05,2.67E-05,13,59,60,211,212,212,24,193,552,34.96,1,4.17,66,13.02,15.49,179.5,0.65,193,38.12,6
0,2,0,2,0,0.000703452,1.5,0,0,0,0.003944773,0.003944773,0,0,0,2,2,0,5,6,6,12,18,132,13.64,6,50,254,50.1,48.29,57,0.86,18,25,18
0,2,1,1,0,0.001702266,2,0,0,0.002629849,0.003944773,0.001972387,0.001972387,0,0,1,2,2,2,3,3,39,1021,1482,68.89,1,2.56,251,49.51,13.94,230.5,0.31,1021,42.78,2
0,8,0,8,0,0.000703452,2.375,0.25,0.030006523,0,0.015779093,0.015779093,0,0,0,6,5,0,18,19,19,13,21,156,13.46,5,38.46,169,33.33,47.08,67.5,0.87,21,24,15
1,92,45,47,0.038210554,0.003896675,29.06382979,0.484383001,0.045648766,0.21617357,0.181459566,0.09270217,0.088757396,0.038210554,0.037836929,72,59,274,167,168,168,12,22,132,16.67,1,8.33,270,53.25,55.33,55,0.83,22,25.83,19
0,2,1,1,0,0.000799581,0,1,0.014760148,0.10911612,0.003944773,0.001972387,0.001972387,0,0,1,2,275,1,2,2,38,1078,1406,76.67,1,2.63,239,47.14,13.15,164,0.23,1078,0.31,0
0,69,29,40,0.001168044,0.001897336,31.275,0.802564103,0.11963524,0.06339814,0.136094675,0.078895464,0.057199211,0.001168044,0.001217484,12,59,60,211,212,212,51,1232,2550,48.31,5,9.8,280,55.23,12.26,659,0.52,1232,680,26
0,69,29,40,0.001061603,0.001897336,32.175,0.862820513,0.093003997,0.06339814,0.136094675,0.078895464,0.057199211,0.001061603,0.001106499,11,59,60,211,212,212,38,1018,1406,72.4,1,2.63,246,48.52,13.74,194,0.28,1018,33.29,2
1,83,42,41,0.023263739,0.004596391,28.70731707,0.573877551,0.045834598,0.186028763,0.163708087,0.08086785,0.082840237,0.023263739,0.02188174,36,58,274,167,168,168,39,989,1482,66.73,1,2.56,253,49.9,14.38,246.5,0.33,989,56.05,3
0,2,2,0,0,0.001552277,0,0,1,0.134987996,0.003944773,0,0.003944773,0,0,2,2,275,0,1,1,7,13,42,30.95,1,14.29,32,6.31,42.11,14.5,0.69,13,0,0
0,78,37,41,3.62E-06,0.003058941,37,0.984146341,0.5909948,0.072978304,0.153846154,0.08086785,0.072978304,3.62E-06,3.62E-06,4,74,37,211,212,212,5,5,20,25,1,20,37,7.3,53.62,7.5,0.75,5,0,0
0,4,0,4,0,0.000703452,3.75,0.666666667,0.104761905,0,0.007889546,0.007889546,0,0,0,2,4,0,213,214,214,16,100,240,41.67,1,6.25,232,45.76,42.11,70,0.58,100,9.86,4
0,1,0,1,0,0.000703452,0,0,0,0,0.001972387,0.001972387,0,0,0,1,1,0,1,2,2,7,1,42,2.38,6,85.71,143,28.21,48.15,20.5,0.98,1,0,0
0,79,30,49,0.001177411,0.002231973,27.91836735,0.688979592,0.062731071,0.179055496,0.15581854,0.096646943,0.059171598,0.001177411,0.001127042,32,59,274,167,168,168,6,11,30,36.67,1,16.67,123,24.26,79.35,9.5,0.63,11,2,6
1,74,31,43,0.000815383,0.002372665,31.72093023,0.826262626,0.162067299,0.17948957,0.145956607,0.084812623,0.061143984,0.000815383,0.000816106,26,59,274,167,168,168,4,3,12,25,1,25,16,3.16,45.71,4.5,0.75,3,0,0
1,3,1,2,0,0.000818869,0,0.666666667,0.031660232,0.119520622,0.00591716,0.003944773,0.001972387,0,0,2,3,275,2,3,3,2,0,2,0,2,100,55,10.85,98.21,1,1,0,0,0
0,37,16,21,0,0.001956476,17.38095238,0.985714286,0.655352042,0.031952663,0.072978304,0.041420118,0.031558185,0,0,4,32,18,241,242,242,39,955,1482,64.44,1,2.56,269,53.06,15.44,263.5,0.36,955,4.58,0
0,83,83,0,0,0.007412436,0,0.323831913,0.019186366,0.212257013,0.163708087,0,0.163708087,0,0,25,58,277,0,1,1,4,1,12,8.33,3,75,61,12.03,95.31,5.5,0.92,1,5,41
0,5,3,2,0.002186776,0.002334715,0.5,0,0.015898251,0.112313493,0.009861933,0.003944773,0.00591716,0.002186776,0.002186776,5,3,279,3,4,4,21,172,420,40.95,1,4.76,64,12.62,15.76,124,0.59,172,23.17,5
0,67,29,38,0.000340402,0.002290194,29.71052632,0.862348178,0.149625175,0.147783329,0.132149901,0.07495069,0.057199211,0.000340402,0.000312658,12,58,274,167,168,168,40,1407,1560,90.19,1,2.5,57,11.24,3.55,76.5,0.1,1407,37,2
0,78,37,41,3.62E-06,0.003058941,37,0.984146341,0.5909948,0.072978304,0.153846154,0.08086785,0.072978304,3.62E-06,3.62E-06,4,74,37,211,212,212,47,1244,2162,57.54,1,2.13,277,54.64,12.2,459,0.42,1244,79.17,3
0,95,95,0,0,0.024654562,0,0.20268757,0.054278126,0.24841,0.187376726,0,0.187376726,0,0,80,33,292,0,1,1,7,30,42,71.43,1,14.29,36,7.1,25.35,6,0.29,30,1.5,3
1,76,32,44,0.001050036,0.002316874,30.97727273,0.762257169,0.100669654,0.184637027,0.149901381,0.08678501,0.063116371,0.001050036,0.001023871,26,59,274,167,168,168,13,88,156,56.41,1,7.69,127,25.05,24.71,34,0.44,88,9,5
0,37,16,21,0,0.001956476,17.38095238,0.985714286,0.655352042,0.031952663,0.072978304,0.041420118,0.031558185,0,0,4,32,18,241,242,242,4,2,12,16.67,3,75,102,20.12,96.23,5,0.83,2,4,33
0,1,1,0,0,0.000777626,0,0,0,0.018375008,0.001972387,0,0.001972387,0,0,1,1,38,0,1,1,17,115,272,42.28,1,5.88,234,46.15,39.8,78.5,0.58,115,13.63,5
0,79,32,47,0.00355409,0.002369943,29.19148936,0.681632653,0.076890443,0.184407093,0.15581854,0.09270217,0.063116371,0.00355409,0.003577565,34,59,274,167,168,168,3,0,6,0,3,100,17,3.35,73.91,3,1,0,0,0
0,1,1,0,0,0.001043099,0,0,0,0.004202041,0.001972387,0,0.001972387,0,0,1,1,7,0,1,1,1,0,0,-1,1,100,1,0.2,-1,0,-1,0,0,0
0,8,8,0,0,0.005487263,0,0,0,0.015779093,0.015779093,0,0.015779093,0,0,8,1,8,0,1,1,16,91,240,37.92,1,6.25,62,12.23,21.45,74.5,0.62,91,16.67,6
0,67,29,38,0.000358023,0.002290194,29.65789474,0.866396761,0.157076766,0.147783329,0.132149901,0.07495069,0.057199211,0.000358023,0.000338719,13,58,274,167,168,168,6,7,30,23.33,2,33.33,30,5.92,68.18,11.5,0.77,7,9,30
0,3,1,2,0.001724806,0.000826377,1,0,0.272727273,0.122451932,0.00591716,0.003944773,0.001972387,0.001724806,0.001921713,3,2,276,5,6,6,2,0,2,0,2,100,75,14.79,100,1,1,0,0,0
1,2,0,2,0,0.000703452,1.5,1,0.04587156,0,0.003944773,0.003944773,0,0,0,1,2,0,168,169,169,37,1012,1332,75.98,1,2.7,265,52.27,15,160,0.24,1012,3.34,0
1,25,12,13,0.000722759,0.002019887,8.307692308,0.653594771,0.037862987,0.152187971,0.049309665,0.025641026,0.023668639,0.000722759,0.00068949,11,18,274,167,168,168,23,25,506,4.94,7,30.43,138,27.22,45.7,240.5,0.95,25,58.5,11
0,7,0,7,0,0.000703452,9.285714286,0.380952381,0.009139466,0,0.013806706,0.013806706,0,0,0,5,7,0,169,170,170,37,1012,1332,75.98,1,2.7,265,52.27,15,160,0.24,1012,3.34,0
0,1,1,0,0,0.000768546,0,0,0,0.018257219,0.001972387,0,0.001972387,0,0,1,1,38,0,1,1,1,0,0,-1,1,100,3,0.59,100,0,-1,0,0,-1
0,3,0,3,0,0.000703452,0.666666667,0.333333333,0.04784689,0,0.00591716,0.00591716,0,0,0,2,2,0,4,5,5,6,19,30,63.33,1,16.67,36,7.1,27.07,5.5,0.37,19,0,0
0,21,7,14,0.000188835,0.001117156,16.07142857,0.494505495,0.018894049,0.013806706,0.041420118,0.027613412,0.013806706,0.000188835,0.000155166,7,18,7,179,180,180,8,10,56,17.86,2,25,195,38.46,76.47,23,0.82,10,14,25
1,75,30,45,0.007337213,0.002230718,30.62222222,0.791304348,0.151245872,0.179272271,0.147928994,0.088757396,0.059171598,0.007337213,0.007351944,29,59,274,167,168,168,14,46,182,25.27,1,7.14,266,52.47,40.86,68,0.75,46,10.5,5
0,3,3,0,0,0.002145128,0,0.666666667,0.038834951,0.140057968,0.00591716,0,0.00591716,0,0,2,3,275,0,1,1,41,1473,1640,89.82,1,2.44,216,42.6,11.74,83.5,0.1,1473,0.25,0
0,1,1,0,0,0.00086387,0,0,0,0.003550296,0.001972387,0,0.001972387,0,0,1,1,3,0,1,1,38,1078,1406,76.67,1,2.63,239,47.14,13.15,164,0.23,1078,0.31,0
0,78,37,41,3.62E-06,0.003058941,37,0.984146341,0.5909948,0.072978304,0.153846154,0.08086785,0.072978304,3.62E-06,3.62E-06,4,74,37,211,212,212,1,0,0,-1,1,100,6,1.18,100,0,-1,0,0,-1
0,1,1,0,0,0.000858819,0,0,0,0.143424746,0.001972387,0,0.001972387,0,0,1,1,275,0,1,1,37,119,1332,8.93,6,16.22,322,63.51,31.2,606.5,0.91,119,303.69,22
1,21,10,11,0.000145449,0.001675885,6.545454545,0.723809524,0.043260188,0.058463561,0.041420118,0.021696252,0.019723866,0.000145449,0.000148611,7,15,68,175,176,176,2,1,2,50,1,50,208,41.03,98.58,0.5,0.5,1,0,0
0,4,0,4,0,0.000703452,2,0.5,0.009310518,0,0.007889546,0.007889546,0,0,0,3,4,0,170,171,171,42,1007,1722,58.48,1,2.38,282,55.62,14.07,357.5,0.42,1007,34.25,1
1,2,0,2,0,0.000703452,1.5,0,0.090909091,0,0.003944773,0.003944773,0,0,0,2,2,0,169,170,170,38,1078,1406,76.67,1,2.63,239,47.14,13.15,164,0.23,1078,0.31,0
0,2,1,1,7.80E-06,0.000902777,1,0,0,0.001972387,0.003944773,0.001972387,0.001972387,7.80E-06,7.80E-06,2,2,1,2,3,3,1,0,0,-1,1,100,3,0.59,100,0,-1,0,0,-1
0,2,1,1,1.95E-06,0.000734924,0,0,0.003257329,0.001972387,0.003944773,0.001972387,0.001972387,1.95E-06,1.95E-06,2,2,1,1,2,2,8,3,56,5.36,5,62.5,245,48.32,67.68,26.5,0.95,3,9,16
0,37,16,21,0,0.001956476,17.38095238,0.985714286,0.655352042,0.031952663,0.072978304,0.041420118,0.031558185,0,0,4,32,18,241,242,242,2,1,2,50,1,50,98,19.33,94.23,0.5,0.5,1,0,0
0,8,0,8,0,0.000703452,2.5,0.071428571,0.013908459,0,0.015779093,0.015779093,0,0,0,7,7,0,175,176,176,1,0,0,-1,1,100,4,0.79,100,0,-1,0,0,-1
0,3,3,0,0,0.001202595,0,0.666666667,0.206896552,0.023907716,0.00591716,0,0.00591716,0,0,2,3,40,0,1,1,38,1005,1406,71.48,1,2.63,244,48.13,13.73,200.5,0.29,1005,41.71,2
0,3,2,1,7.15E-06,0.001107786,0,0.666666667,0.139534884,0.029980276,0.00591716,0.001972387,0.003944773,7.15E-06,1.30E-05,2,3,38,1,2,2,39,1018,1482,68.69,1,2.56,245,48.32,13.66,232,0.31,1018,65.29,4
0,20,7,13,0.000272663,0.00136992,8.307692308,0.59047619,0.112108242,0.023078609,0.039447732,0.025641026,0.013806706,0.000272663,0.000277329,5,13,37,50,51,51,8,11,56,19.64,1,12.5,43,8.48,57.33,22.5,0.8,11,4,7
0,78,37,41,3.62E-06,0.003058941,37,0.984146341,0.5909948,0.072978304,0.153846154,0.08086785,0.072978304,3.62E-06,3.62E-06,4,74,37,211,212,212,38,1078,1406,76.67,1,2.63,239,47.14,13.15,164,0.23,1078,0.31,0
0,1,1,0,0,0.000763233,0,0,0,0.008415516,0.001972387,0,0.001972387,0,0,1,1,8,0,1,1,41,1473,1640,89.82,1,2.44,216,42.6,11.74,83.5,0.1,1473,0.25,0
0,1,1,0,0,0.000806025,0,0,0,0.024342959,0.001972387,0,0.001972387,0,0,1,1,38,0,1,1,1,0,0,-1,1,100,51,10.06,100,0,-1,0,0,-1
0,4,0,4,0,0.000703452,0.25,0.166666667,0.016847706,0,0.007889546,0.007889546,0,0,0,3,3,0,4,5,5,1,0,0,-1,1,100,6,1.18,100,0,-1,0,0,-1
0,67,28,39,0.000891772,0.002199714,29.23076923,0.826923077,0.141067514,0.147635988,0.132149901,0.076923077,0.055226824,0.000891772,0.001024314,14,58,274,167,168,168,7,15,42,35.71,1,14.29,33,6.51,34.38,13.5,0.64,15,0,0
0,2,2,0,0,0.000793306,0,1,0.351145038,0.141251644,0.003944773,0,0.003944773,0,0,1,2,275,0,1,1,13,65,156,41.67,4,30.77,52,10.26,26,45.5,0.58,65,0,0
0,6,2,4,0.001364946,0.001968137,2.25,0,0.001533272,0.006040434,0.01183432,0.007889546,0.003944773,0.001364946,0.001367417,6,3,7,170,171,171,1,0,0,-1,1,100,13,2.56,100,0,-1,0,0,-1
1,14,10,4,0.00012459,0.001331488,21.75,0.769230769,0.088909618,0.053387908,0.027613412,0.007889546,0.019723866,0.00012459,0.000113973,9,13,60,211,212,212,5,3,20,15,3,60,34,6.71,57.63,8.5,0.85,3,0,0
1,73,30,43,0.001330944,0.002371288,31.86046512,0.856236786,0.24661555,0.177979442,0.143984221,0.084812623,0.059171598,0.001330944,0.001503512,25,59,274,167,168,168,41,1473,1640,89.82,1,2.44,216,42.6,11.74,83.5,0.1,1473,0.25,0
1,3,1,2,7.80E-06,0.000764374,0,0.333333333,0.02955665,0.003944773,0.00591716,0.003944773,0.001972387,7.80E-06,7.80E-06,2,2,4,2,3,3,18,151,306,49.35,1,5.56,61,12.03,16.85,77.5,0.51,151,0,0
1,19,0,19,0,0.000703452,10.63157895,0.321637427,0.019124618,0,0.037475345,0.037475345,0,0,0,10,13,0,229,230,230,1,0,0,-1,1,100,4,0.79,100,0,-1,0,0,-1
0,1,0,1,0,0.000703452,1,0,0,0,0.001972387,0.001972387,0,0,0,1,1,0,2,3,3,41,1473,1640,89.82,1,2.44,216,42.6,11.74,83.5,0.1,1473,0.25,0
0,3,2,1,5.91E-05,0.000784307,4,0,0.069651741,0.005478852,0.00591716,0.001972387,0.003944773,5.91E-05,6.16E-05,3,3,5,171,172,172,8,0,56,0,8,100,8,1.58,-1,8,1,0,0,0
0,12,1,11,1.95E-05,0.000778199,1.727272727,0.272727273,0.033816425,0.001972387,0.023668639,0.021696252,0.001972387,1.95E-05,1.95E-05,13,5,1,14,15,15,11,65,110,59.09,2,18.18,50,9.86,26.6,22.5,0.41,65,0,0
0,5,5,0,0,0.002097266,0,0.5,0.073825503,0.034679325,0.009861933,0,0.009861933,0,0,5,3,40,0,1,1,6,1,30,3.33,5,83.33,53,10.45,91.38,14.5,0.97,1,7,23
0,1,0,1,0,0.000703452,0,0,0,0,0.001972387,0.001972387,0,0,0,1,1,0,1,2,2,22,162,462,35.06,4,18.18,66,13.02,16.67,150,0.65,162,54.51,11
0,39,16,23,0.000204704,0.001963117,15.86956522,0.818181818,0.50999608,0.031952663,0.076923077,0.045364892,0.031558185,0.000204704,0.000206594,6,32,18,241,242,242,3,0,6,0,3,100,22,4.34,75.86,3,1,0,2,33
0,4,0,4,0,0.000703452,3.5,0.666666667,0.024904776,0,0.007889546,0.007889546,0,0,0,2,4,0,168,169,169,46,1248,2070,60.29,1,2.17,276,54.44,12.5,411,0.4,1248,87.54,4
1,67,29,38,0.001005568,0.002290194,29.94736842,0.866396761,0.142517876,0.147783329,0.132149901,0.07495069,0.057199211,0.001005568,0.000993956,13,58,274,167,168,168,2,0,2,0,2,100,25,4.93,92.59,1,1,0,0,0
0,3,1,2,3.90E-05,0.000768546,1,0.666666667,0.047619048,0.018257219,0.00591716,0.003944773,0.001972387,3.90E-05,3.90E-05,2,3,38,3,4,4,16,86,240,35.83,1,6.25,265,52.27,31.25,77,0.64,86,0,0
0,4,0,4,0,0.000703452,0.75,0.166666667,0.011219072,0,0.007889546,0.007889546,0,0,0,3,3,0,168,169,169,1,0,0,-1,1,100,8,1.58,100,0,-1,0,0,-1
0,78,37,41,3.62E-06,0.003058941,37,0.984146341,0.5909948,0.072978304,0.153846154,0.08086785,0.072978304,3.62E-06,3.62E-06,4,74,37,211,212,212,16,111,240,46.25,1,6.25,60,11.83,19.61,64.5,0.54,111,9.32,3
0,2,2,0,0,0.000873224,0,1,0.0375,0.019323671,0.003944773,0,0.003944773,0,0,1,2,26,0,1,1,6,0,30,0,6,100,135,26.63,97.12,15,1,0,8,26
1,80,38,42,0.000786774,0.002549255,32.47619048,0.694117647,0.110219091,0.18791738,0.157790927,0.082840237,0.07495069,0.000786774,0.000786859,38,59,274,167,168,168,33,208,1056,19.7,7,21.21,90,17.75,19.07,424,0.8,208,0,0
0,1,0,1,0,0.000703452,0,0,0,0,0.001972387,0.001972387,0,0,0,1,1,0,1,2,2,63,1368,3906,35.02,2,3.17,301,59.37,11.38,1269,0.65,1368,417.55,10
1,3,3,0,0,0.00136426,0,0,0.010582011,0.119339572,0.00591716,0,0.00591716,0,0,3,3,276,0,1,1,3,1,6,16.67,2,66.67,4,0.79,66.67,2.5,0.83,1,0,0
0,78,37,41,3.62E-06,0.003058941,37,0.984146341,0.5909948,0.072978304,0.153846154,0.08086785,0.072978304,3.62E-06,3.62E-06,4,74,37,211,212,212,16,89,240,37.08,1,6.25,248,48.92,44.52,75.5,0.63,89,14.5,6
0,9,6,3,0,0.00143159,4,0.892857143,0.019715895,0.155708618,0.017751479,0.00591716,0.01183432,0,0,4,9,274,167,168,168,1,0,0,-1,1,100,17,3.35,100,0,-1,0,0,-1
0,107,34,73,0.011987526,0.002460101,32.5890411,0.432234432,0.024074471,0.08256502,0.211045365,0.143984221,0.067061144,0.011987526,0.01274505,44,59,60,211,212,212,21,329,420,78.33,1,4.76,65,12.82,13.1,45.5,0.22,329,0,0
0,1,1,0,0,0.002145017,0,0,0,0.080778847,0.001972387,0,0.001972387,0,0,1,1,281,0,1,1,1,0,0,-1,1,100,22,4.34,100,0,-1,0,0,-1
0,2,2,0,0,0.001201765,0,0,0,0.003944773,0.003944773,0,0.003944773,0,0,2,2,2,0,1,1,40,1443,1560,92.5,1,2.5,213,42.01,11.79,58.5,0.08,1443,0.03,0
0,37,16,21,0,0.001956476,17.38095238,0.985714286,0.655352042,0.031952663,0.072978304,0.041420118,0.031558185,0,0,4,32,18,241,242,242,1,0,0,-1,1,100,4,0.79,100,0,-1,0,0,-1
0,1,0,1,0,0.000703452,1,0,0,0,0.001972387,0.001972387,0,0,0,1,1,0,2,3,3,40,1096,1560,70.26,1,2.5,260,51.28,13.96,232,0.3,1096,6.38,0
0,5,5,0,0,0.00331602,0,0,0.032921811,0.161305741,0.009861933,0,0.009861933,0,0,5,3,278,0,1,1,8,36,56,64.29,1,12.5,57,11.24,35.63,10,0.36,36,0.17,0
0,1,1,0,0,0.000768546,0,0,0,0.018257219,0.001972387,0,0.001972387,0,0,1,1,38,0,1,1,2,1,2,50,1,50,33,6.51,94.29,0.5,0.5,1,0,0
1,2,0,2,0,0.000703452,1.5,0,0.090909091,0,0.003944773,0.003944773,0,0,0,2,2,0,169,170,170,1,0,0,-1,1,100,7,1.38,100,0,-1,0,0,-1
1,77,31,46,0.009182759,0.002438576,29.84782609,0.72606383,0.098433597,0.183493055,0.151873767,0.090729783,0.061143984,0.009182759,0.00886724,30,59,274,167,168,168,2,0,2,0,2,100,30,5.92,76.92,1,1,0,0,0
0,8,8,0,0,0.001184988,0,1,0.18231187,0.015779093,0.015779093,0,0.015779093,0,0,1,8,8,0,1,1,46,1238,2070,59.81,1,2.17,273,53.85,12.4,416,0.4,1238,100.38,4
0,1,1,0,0,0.001459639,0,0,0,0.035714286,0.001972387,0,0.001972387,0,0,1,1,39,0,1,1,38,1078,1406,76.67,1,2.63,239,47.14,13.15,164,0.23,1078,0.31,0
1,77,32,45,0.001662582,0.002465516,30.33333333,0.732269504,0.073091311,0.184637027,0.151873767,0.088757396,0.063116371,0.001662582,0.001670189,31,59,274,167,168,168,4,4,12,33.33,1,25,111,21.89,72.08,4,0.67,4,0,0
0,67,29,38,2.67E-06,0.00189526,31.52631579,0.953058321,0.196913642,0.06339814,0.132149901,0.07495069,0.057199211,2.67E-06,2.86E-06,10,59,60,211,212,212,2,0,2,0,2,100,16,3.16,88.89,1,1,0,0,0
0,67,29,38,2.67E-06,0.00189526,31.52631579,0.953058321,0.196913642,0.06339814,0.132149901,0.07495069,0.057199211,2.67E-06,2.86E-06,10,59,60,211,212,212,37,1002,1332,75.23,1,2.7,245,48.32,13.83,165,0.25,1002,32.21,2
0,12,5,7,0.000111743,0.001517768,6.428571429,0.733333333,0.233949946,0.032145205,0.023668639,0.013806706,0.009861933,0.000111743,0.000109469,4,9,37,50,51,51,4,7,12,58.33,1,25,28,5.52,48.28,2.5,0.42,7,0,0
0,8,5,3,0.000723078,0.004717661,7,0.4,0.033707865,0.009861933,0.015779093,0.00591716,0.009861933,0.000723078,0.000723728,3,4,5,53,54,54,46,709,2070,34.25,6,13.04,187,36.88,11.78,680.5,0.66,709,0,0
0,6,1,5,0,0.000792516,11,0.4,0.019543974,0.001972387,0.01183432,0.009861933,0.001972387,0,0,4,4,1,171,172,172,3,6,6,100,1,33.33,58,11.44,39.73,0,0,6,0,0
0,3,3,0,0,0.001962958,0,0,0,0.011602274,0.00591716,0,0.00591716,0,0,3,1,10,0,1,1,37,1004,1332,75.38,1,2.7,246,48.52,13.85,164,0.25,1004,32,2
1,77,31,46,0.003098013,0.002265252,29.80434783,0.72429078,0.115300659,0.184177731,0.151873767,0.090729783,0.061143984,0.003098013,0.003147908,29,59,274,167,168,168,38,1017,1406,72.33,1,2.63,245,48.32,13.7,194.5,0.28,1017,33.29,2
0,69,29,40,2.65E-05,0.001897336,30,0.880769231,0.148385043,0.06339814,0.136094675,0.078895464,0.057199211,2.65E-05,2.67E-05,13,59,60,211,212,212,48,1238,2256,54.88,1,2.08,299,58.97,13.24,509,0.45,1238,190.37,8
0,1,0,1,0,0.000703452,1,0,0,0,0.001972387,0.001972387,0,0,0,1,1,0,2,3,3,12,38,132,28.79,1,8.33,255,50.3,50.3,47,0.71,38,18.58,14
0,29,11,18,0.000313178,0.001802654,8.444444444,0.554112554,0.133579913,0.02934997,0.057199211,0.035502959,0.021696252,0.000313178,0.000318626,11,14,37,50,51,51,2,0,2,0,2,100,15,2.96,88.24,1,1,0,0,0
0,68,30,38,0.000879311,0.002335186,30.10526316,0.832051282,0.098994086,0.147930964,0.134122288,0.07495069,0.059171598,0.000879311,0.000715597,14,58,274,167,168,168,22,165,462,35.71,2,9.09,65,12.82,16.33,148.5,0.64,165,44.26,9
0,66,29,37,0.000522999,0.00189414,33.7027027,0.933933934,0.140791613,0.06339814,0.130177515,0.072978304,0.057199211,0.000522999,0.00054241,10,59,60,211,212,212,6,23,30,76.67,1,16.67,44,8.68,29.53,3.5,0.23,23,0,0
0,2,2,0,0,0.001151934,0,0,1,0.003944773,0.003944773,0,0.003944773,0,0,2,2,2,0,1,1,21,329,420,78.33,1,4.76,65,12.82,13.1,45.5,0.22,329,0,0
0,3,0,3,0,0.000703452,15.66666667,0.666666667,0.028311966,0,0.00591716,0.00591716,0,0,0,2,3,0,169,170,170,41,1473,1640,89.82,1,2.44,216,42.6,11.74,83.5,0.1,1473,0.25,0
0,7,4,3,0.001945101,0.00203652,3.333333333,0.133333333,0.013927577,0.120487303,0.013806706,0.00591716,0.007889546,0.001945101,0.001945101,5,4,274,167,168,168,18,122,306,39.87,1,5.56,234,46.15,38.3,92,0.6,122,12.63,4
0,66,29,37,0.000235615,0.002288841,30.56756757,0.908961593,0.156517616,0.147783329,0.130177515,0.072978304,0.057199211,0.000235615,0.000227264,12,58,274,167,168,168,6,7,30,23.33,2,33.33,228,44.97,71.92,11.5,0.77,7,2.5,8
0,67,35,32,0.007053307,0.003529528,27.96875,0.728682171,0.081114236,0.172586125,0.132149901,0.063116371,0.069033531,0.007053307,0.007177464,27,55,274,167,168,168,2,1,2,50,1,50,4,0.79,66.67,0.5,0.5,1,0,0
1,15,11,4,2.33E-05,0.001805399,3,0.835164835,0.052154195,0.058840746,0.029585799,0.007889546,0.021696252,2.33E-05,2.41E-05,6,13,68,175,176,176,40,1096,1560,70.26,1,2.5,260,51.28,13.96,232,0.3,1096,6.38,0
0,78,37,41,3.62E-06,0.003058941,37,0.984146341,0.5909948,0.072978304,0.153846154,0.08086785,0.072978304,3.62E-06,3.62E-06,4,74,37,211,212,212,2,0,2,0,2,100,35,6.9,100,1,1,0,0,0
0,34,30,4,0.000532077,0.002218844,11.75,0.9375,0.26975711,0.177979442,0.067061144,0.007889546,0.059171598,0.000532077,0.000532077,3,33,274,167,168,168,2,1,2,50,1,50,40,7.89,50.63,0.5,0.5,1,0,0
0,78,37,41,3.62E-06,0.003058941,37,0.984146341,0.5909948,0.072978304,0.153846154,0.08086785,0.072978304,3.62E-06,3.62E-06,4,74,37,211,212,212,2,0,2,0,2,100,3,0.59,75,1,1,0,0,0
0,78,37,41,3.62E-06,0.003058941,37,0.984146341,0.5909948,0.072978304,0.153846154,0.08086785,0.072978304,3.62E-06,3.62E-06,4,74,37,211,212,212,5,10,20,50,1,20,64,12.62,39.75,5,0.5,10,0,0
0,13,2,11,0.000173942,0.00080399,12.81818182,0.538461538,0.042297736,0.116322777,0.025641026,0.021696252,0.003944773,0.000173942,0.000179016,3,12,274,167,168,168,1,0,0,-1,1,100,13,2.56,100,0,-1,0,0,-1
0,23,11,12,0.001892687,0.002044267,7.666666667,0.691666667,0.040286813,0.058840746,0.045364892,0.023668639,0.021696252,0.001892687,0.0017785,8,15,68,175,176,176,2,0,2,0,2,100,99,19.53,98.02,1,1,0,0,0
0,77,37,40,1.03E-07,0.003057388,37.875,0.996153846,0.599614821,0.072978304,0.151873767,0.078895464,0.072978304,1.03E-07,1.03E-07,3,74,37,211,212,212,21,329,420,78.33,1,4.76,65,12.82,13.1,45.5,0.22,329,0,0
0,3,3,0,0,0.000831399,0,1,0.644329897,0.139273329,0.00591716,0,0.00591716,0,0,1,3,275,0,1,1,30,172,870,19.77,3,10,284,56.02,25.75,349,0.8,172,0,0
0,78,37,41,3.62E-06,0.003058941,37,0.984146341,0.5909948,0.072978304,0.153846154,0.08086785,0.072978304,3.62E-06,3.62E-06,4,74,37,211,212,212,39,1022,1482,68.96,1,2.56,249,49.11,13.53,230,0.31,1022,32.29,2
0,14,4,10,0.008408986,0.001612972,1.4,0.217948718,0.016342573,0.153928166,0.027613412,0.019723866,0.007889546,0.008408986,0.008503231,14,8,274,167,168,168,40,1096,1560,70.26,1,2.5,260,51.28,13.96,232,0.3,1096,6.38,0
0,9,1,8,1.95E-05,0.000838189,6.75,0.178571429,0.023432116,0.001972387,0.017751479,0.015779093,0.001972387,1.95E-05,1.95E-05,7,4,1,171,172,172,3,1,6,16.67,2,66.67,206,40.63,93.64,2.5,0.83,1,1,16
0,2,2,0,0,0.001286486,0,1,0,0.003944773,0.003944773,0,0.003944773,0,0,1,2,2,0,1,1,1,0,0,-1,1,100,4,0.79,100,0,-1,0,0,-1
0,78,37,41,3.62E-06,0.003058941,37,0.984146341,0.5909948,0.072978304,0.153846154,0.08086785,0.072978304,3.62E-06,3.62E-06,4,74,37,211,212,212,39,1030,1482,69.5,1,2.56,269,53.06,14.63,226,0.3,1030,21.07,1
0,1,1,0,0,0.000794084,0,0,0,0.002629849,0.001972387,0,0.001972387,0,0,1,1,2,0,1,1,17,115,272,42.28,1,5.88,235,46.35,39.63,78.5,0.58,115,13.63,5
1,5,5,0,0,0.001514774,0,0.2,0.083333333,0.131485013,0.009861933,0,0.009861933,0,0,4,5,277,0,1,1,2,0,2,0,2,100,23,4.54,92,1,1,0,0,0
1,13,6,7,0.003879178,0.001270457,1,0.243589744,0.069770492,0.140893335,0.025641026,0.013806706,0.01183432,0.003879178,0.003926258,9,7,274,167,168,168,5,1,20,5,4,80,167,32.94,53.53,9.5,0.95,1,0,0
1,22,22,0,0,0.005037633,0,0.186147186,0.02777963,0.20498337,0.043392505,0,0.043392505,0,0,16,12,279,0,1,1,50,1090,2450,44.49,1,2,275,54.24,13.01,680,0.56,1090,367.47,15
0,1,1,0,0,0.000858819,0,0,0,0.143424746,0.001972387,0,0.001972387,0,0,1,1,275,0,1,1,21,329,420,78.33,1,4.76,65,12.82,13.1,45.5,0.22,329,0,0
0,1,0,1,0,0.000703452,4,0,0,0,0.001972387,0.001972387,0,0,0,1,1,0,171,172,172,38,1078,1406,76.67,1,2.63,239,47.14,13.15,164,0.23,1078,0.31,0
0,28,28,0,0,0.004492816,0,0.529100529,0.138153716,0.148272103,0.055226824,0,0.055226824,0,0,8,20,275,0,1,1,5,15,20,75,1,20,51,10.06,28.02,2.5,0.25,15,0,0
0,67,29,38,2.67E-06,0.00189526,31.52631579,0.953058321,0.196913642,0.06339814,0.132149901,0.07495069,0.057199211,2.67E-06,2.86E-06,10,59,60,211,212,212,5,2,20,10,3,60,36,7.1,69.23,9,0.9,2,0,0
0,1,1,0,0,0.001301428,0,0,0,0.001972387,0.001972387,0,0.001972387,0,0,1,1,1,0,1,1,48,1236,2256,54.79,1,2.08,278,54.83,12.44,510,0.45,1236,164.42,7
1,85,39,46,0.001189473,0.002603967,29.58695652,0.597402597,0.053795771,0.188395541,0.16765286,0.090729783,0.076923077,0.001189473,0.001189222,51,59,274,167,168,168,35,949,1190,79.75,1,2.86,279,55.03,15.13,120.5,0.2,949,21.79,1
1,9,2,7,0.005340441,0.000791592,2.142857143,0.305555556,0.013914342,0.135603384,0.017751479,0.013806706,0.003944773,0.005340441,0.005345486,9,5,274,167,168,168,21,148,420,35.24,1,4.76,64,12.62,16.93,136,0.65,148,7.8,1
0,2,0,2,0,0.000703452,1.5,0,0.007194245,0,0.003944773,0.003944773,0,0,0,2,2,0,168,169,169,15,52,210,24.76,1,6.67,59,11.64,29.5,79,0.75,52,70.14,33
0,19,8,11,0.004131635,0.001718279,3.909090909,0.416666667,0.0167238,0.159053593,0.037475345,0.021696252,0.015779093,0.004131635,0.003567573,13,12,274,167,168,168,44,1229,1892,64.96,1,2.27,276,54.44,12.86,331.5,0.35,1229,54.67,2
1,9,1,8,0.000647068,0.000852946,1.875,0.25,0.008411342,0.001972387,0.017751479,0.015779093,0.001972387,0.000647068,0.000647068,8,5,1,169,170,170,21,329,420,78.33,1,4.76,65,12.82,13.1,45.5,0.22,329,0,0
0,2,1,1,1.77E-05,0.000826526,3,1,0.230769231,0.021775784,0.003944773,0.001972387,0.001972387,1.77E-05,1.79E-05,1,2,37,50,51,51,21,329,420,78.33,1,4.76,65,12.82,13.1,45.5,0.22,329,0,0
0,1,1,0,0,0.000778199,0,0,0,0.001972387,0.001972387,0,0.001972387,0,0,1,1,1,0,1,1,47,1243,2162,57.49,1,2.13,282,55.62,12.31,459.5,0.43,1243,110.25,5
0,1,0,1,0,0.000703452,0,0,0,0,0.001972387,0.001972387,0,0,0,1,1,0,1,2,2,1,0,0,-1,1,100,6,1.18,100,0,-1,0,0,-1
0,1,1,0,0,0.000902777,0,0,0,0.001972387,0.001972387,0,0.001972387,0,0,1,1,1,0,1,1,46,1097,2070,53,1,2.17,257,50.69,11.59,486.5,0.47,1097,227.31,10
0,26,19,7,0.000117853,0.003647025,7.571428571,0.576190476,0.166482199,0.042860274,0.051282051,0.013806706,0.037475345,0.000117853,6.63E-05,9,14,37,50,51,51,1,0,0,-1,1,100,2,0.39,100,0,-1,0,0,-1
1,74,30,44,0.001011604,0.002228378,31.18181818,0.825252525,0.157597727,0.179272271,0.145956607,0.08678501,0.059171598,0.001011604,0.001023587,27,59,274,167,168,168,18,218,306,71.24,1,5.56,77,15.19,11.81,44,0.29,218,5.75,1
0,3,0,3,0,0.000703452,0.333333333,0,0,0,0.00591716,0.00591716,0,0,0,3,2,0,5,6,6,41,1473,1640,89.82,1,2.44,216,42.6,11.74,83.5,0.1,1473,0.25,0
0,1,0,1,0,0.000703452,0,0,0,0,0.001972387,0.001972387,0,0,0,1,1,0,1,2,2,1,0,0,-1,1,100,2,0.39,100,0,-1,0,0,-1
0,4,1,3,4.48E-05,0.001198639,0,0,0.017241379,0.00443787,0.007889546,0.00591716,0.001972387,4.48E-05,4.48E-05,4,3,6,3,4,4,38,1078,1406,76.67,1,2.63,239,47.14,13.15,164,0.23,1078,0.31,0
0,7,3,4,0.000233457,0.001191645,0,0.142857143,0.007765698,0.132470458,0.013806706,0.007889546,0.00591716,0.000233457,0.000293969,6,6,275,4,5,5,2,0,2,0,2,100,5,0.99,100,1,1,0,0,0
1,13,11,2,0.002778379,0.00286532,1.5,0.192307692,0.014028645,0.186732529,0.025641026,0.003944773,0.021696252,0.002778379,0.002725918,7,8,274,167,168,168,15,42,210,20,1,6.67,257,50.69,48.77,84,0.8,42,41.42,19
0,2,2,0,0,0.002057615,0,0,0,0.037127277,0.003944773,0,0.003944773,0,0,2,1,40,0,1,1,5,1,20,5,4,80,99,19.53,85.34,9.5,0.95,1,0,0
0,20,20,0,0,0.004447778,0,0.231578947,0.051249615,0.183664139,0.039447732,0,0.039447732,0,0,12,11,277,0,1,1,1,0,0,-1,1,100,6,1.18,100,0,-1,0,0,-1
0,1,1,0,0,0.000792516,0,0,0,0.002629849,0.001972387,0,0.001972387,0,0,1,1,2,0,1,1,16,56,240,23.33,1,6.25,257,50.69,46.39,92,0.77,56,23.92,9
0,40,39,1,0.0001409,0.003196363,1,0.65,0.054000808,0.158993144,0.078895464,0.001972387,0.076923077,0.0001409,0.000139351,9,35,276,2,3,3,41,1473,1640,89.82,1,2.44,216,42.6,11.74,83.5,0.1,1473,0.25,0
0,3,1,2,0,0.000826526,0.5,1,1,0.022426191,0.00591716,0.003944773,0.001972387,0,0,1,3,38,2,3,3,1,0,0,-1,1,100,5,0.99,100,0,-1,0,0,-1
0,37,16,21,0,0.001956476,17.38095238,0.985714286,0.655352042,0.031952663,0.072978304,0.041420118,0.031558185,0,0,4,32,18,241,242,242,1,0,0,-1,1,100,22,4.34,100,0,-1,0,0,-1
0,78,37,41,3.62E-06,0.003058941,37,0.984146341,0.5909948,0.072978304,0.153846154,0.08086785,0.072978304,3.62E-06,3.62E-06,4,74,37,211,212,212,9,56,72,77.78,2,22.22,58,11.44,32.77,8,0.22,56,8,11
0,2,2,0,0,0.001899405,0,0,0,0.003944773,0.003944773,0,0.003944773,0,0,2,1,2,0,1,1,2,0,2,0,2,100,38,7.5,97.44,1,1,0,1,50
0,6,2,4,0.002007469,0.002330046,2.75,0.166666667,0.002331002,0.004930966,0.01183432,0.007889546,0.003944773,0.002007469,0.002007469,3,3,5,172,173,173,41,1473,1640,89.82,1,2.44,216,42.6,11.74,83.5,0.1,1473,0.25,0
0,1,1,0,0,0.00086387,0,0,0,0.003550296,0.001972387,0,0.001972387,0,0,1,1,3,0,1,1,1,0,0,-1,1,100,53,10.45,100,0,-1,0,0,-1
0,74,30,44,0.00645116,0.002509266,27.79545455,0.645410628,0.064702966,0.150333904,0.145956607,0.08678501,0.059171598,0.00645116,0.00718921,13,58,274,167,168,168,1,0,0,-1,1,100,8,1.58,100,0,-1,0,0,-1
1,14,11,3,0.006298327,0.002164123,3,0.395604396,0.026365558,0.164349496,0.027613412,0.00591716,0.021696252,0.006298327,0.006587785,11,10,274,167,168,168,40,1443,1560,92.5,1,2.5,213,42.01,11.79,58.5,0.08,1443,0.03,0
1,4,1,3,0,0.000744771,16.66666667,0.666666667,0.092156863,0.134739668,0.007889546,0.00591716,0.001972387,0,0,2,4,274,167,168,168,2,1,2,50,1,50,8,1.58,72.73,0.5,0.5,1,0,0
0,23,19,4,0.001768368,0.003118691,3.5,0.086956522,0.019692235,0.039175678,0.045364892,0.007889546,0.037475345,0.001768368,0.001829774,22,10,24,168,169,169,5,3,20,15,2,40,36,7.1,57.14,8.5,0.85,3,4,20
0,2,2,0,0,0.000927254,0,1,1,0.003944773,0.003944773,0,0.003944773,0,0,1,2,2,0,1,1,4,4,12,33.33,1,25,56,11.05,47.46,4,0.67,4,0,0
1,6,1,5,0.000511507,0.000902777,5,0.466666667,0.01291814,0.001972387,0.01183432,0.009861933,0.001972387,0.000511507,0.000531577,4,4,1,175,176,176,41,1473,1640,89.82,1,2.44,216,42.6,11.74,83.5,0.1,1473,0.25,0
0,34,31,3,2.44E-05,0.002286676,15.66666667,0.9375,0.217435712,0.179055496,0.067061144,0.00591716,0.061143984,2.44E-05,1.58E-05,3,33,274,167,168,168,36,946,1260,75.08,1,2.78,278,54.83,14.34,157,0.25,946,12.92,1
0,78,37,41,3.62E-06,0.003058941,37,0.984146341,0.5909948,0.072978304,0.153846154,0.08086785,0.072978304,3.62E-06,3.62E-06,4,74,37,211,212,212,41,1473,1640,89.82,1,2.44,216,42.6,11.74,83.5,0.1,1473,0.25,0
0,2,2,0,0,0.001151934,0,0,1,0.003944773,0.003944773,0,0.003944773,0,0,2,2,2,0,1,1,203,4831,41006,11.78,7,3.45,320,63.12,4.77,18087.5,0.88,4831,0,0
0,74,31,43,0.001170541,0.002664481,31.69767442,0.821212121,0.232538607,0.178193617,0.145956607,0.084812623,0.061143984,0.001170541,0.001169984,25,59,274,167,168,168,8,8,56,14.29,3,37.5,35,6.9,49.3,24,0.86,8,10.5,18
0,1,0,1,0,0.000703452,0,0,0,0,0.001972387,0.001972387,0,0,0,1,1,0,1,2,2,3,2,6,33.33,2,66.67,12,2.37,85.71,2,0.67,2,2,33
0,13,0,13,0,0.000703452,28.92307692,0.628205128,0.134609291,0,0.025641026,0.025641026,0,0,0,5,11,0,169,170,170,41,1473,1640,89.82,1,2.44,216,42.6,11.74,83.5,0.1,1473,0.25,0
0,3,3,0,0,0.000901948,0,0.333333333,0.143884892,0.156508876,0.00591716,0,0.00591716,0,0,2,3,276,0,1,1,40,1443,1560,92.5,1,2.5,213,42.01,11.79,58.5,0.08,1443,0.03,0
0,5,5,0,0,0.001797266,0,0.1,0.005581915,0.154101047,0.009861933,0,0.009861933,0,0,4,5,276,0,1,1,4,2,12,16.67,2,50,90,17.75,94.74,5,0.83,2,2,16
1,82,31,51,0.006475056,0.002316884,26.88235294,0.615384615,0.085888503,0.17948957,0.1617357,0.100591716,0.061143984,0.006475056,0.006430167,35,59,274,167,168,168,41,1473,1640,89.82,1,2.44,216,42.6,11.74,83.5,0.1,1473,0.25,0
0,6,4,2,0.001844402,0.001922452,4.5,0.4,0.005189029,0.117709774,0.01183432,0.003944773,0.007889546,0.001844402,0.001844402,3,5,274,167,168,168,23,153,506,30.24,1,4.35,64,12.62,16.71,176.5,0.7,153,34.39,6
0,4,0,4,0,0.000703452,11.75,0.5,0.016178967,0,0.007889546,0.007889546,0,0,0,3,4,0,169,170,170,13,25,156,16.03,3,23.08,114,22.49,34.03,65.5,0.84,25,29.33,18
0,4,2,2,0.001071949,0.00104106,0.5,0.333333333,0.000969932,0.136465505,0.007889546,0.003944773,0.003944773,0.001071949,0.001071949,3,2,276,3,4,4,4,2,12,16.67,2,50,25,4.93,78.13,5,0.83,2,2,16
1,203,203,0,0,0.031844272,0,0.137004341,0.00711019,0.404122712,0.400394477,0,0.400394477,0,0,117,59,293,0,1,1,13,61,156,39.1,2,15.38,136,26.82,23.69,47.5,0.61,61,0,0
0,1,1,0,0,0.000754686,0,0,0,0.140851497,0.001972387,0,0.001972387,0,0,1,1,275,0,1,1,53,1267,2756,45.97,2,3.77,297,58.58,12.77,744.5,0.54,1267,238.68,8
0,76,30,46,0.00396907,0.002114892,27.67391304,0.660499537,0.080339381,0.074743071,0.149901381,0.090729783,0.059171598,0.00396907,0.004098486,13,59,60,211,212,212,13,61,156,39.1,1,7.69,118,23.27,36.76,47.5,0.61,61,17.17,11
1,81,31,50,0.002822942,0.002430233,27.38,0.669803922,0.068659597,0.179272271,0.159763314,0.098619329,0.061143984,0.002822942,0.002802394,33,59,274,167,168,168,2,0,2,0,2,100,39,7.69,86.67,1,1,0,0,0
0,1,1,0,0,0.001231327,0,0,0,0.109191378,0.001972387,0,0.001972387,0,0,1,1,277,0,1,1,8,5,56,8.93,3,37.5,82,16.17,73.21,25.5,0.91,5,3,5
0,1,0,1,0,0.000703452,0,0,0,0,0.001972387,0.001972387,0,0,0,1,1,0,1,2,2,1,0,0,-1,1,100,8,1.58,100,0,-1,0,0,-1
0,73,28,45,0.001684515,0.002205989,32.2,0.6647343,0.034843142,0.147635988,0.143984221,0.088757396,0.055226824,0.001684515,0.001558927,17,58,274,167,168,168,41,428,1640,26.1,3,7.32,155,30.57,15.58,606,0.74,428,183,11
0,1,0,1,0,0.000703452,0,0,0,0,0.001972387,0.001972387,0,0,0,1,1,0,1,2,2,41,1473,1640,89.82,1,2.44,216,42.6,11.74,83.5,0.1,1473,0.25,0
1,4,1,3,1.17E-05,0.00100244,0,0,0.010642022,0.001972387,0.007889546,0.00591716,0.001972387,1.17E-05,1.17E-05,4,3,1,3,4,4,9,3,72,4.17,6,66.67,244,48.13,47.94,34.5,0.96,3,5,6
0,2,1,1,0.001091439,0.001695797,0,0,0,0.093888955,0.003944773,0.001972387,0.001972387,0.001091439,0.001091439,2,1,280,1,2,2,41,1473,1640,89.82,1,2.44,216,42.6,11.74,83.5,0.1,1473,0.25,0
0,29,11,18,0.000595504,0.001802654,8.555555556,0.562770563,0.137797292,0.02934997,0.057199211,0.035502959,0.021696252,0.000595504,0.000594084,13,14,37,50,51,51,35,376,1190,31.6,1,2.86,100,19.72,12.24,407,0.68,376,0,0
0,3,0,3,0,0.000703452,2.666666667,1,0.03900156,0,0.00591716,0.00591716,0,0,0,1,3,0,176,177,177,6,9,30,30,1,16.67,113,22.29,60.43,10.5,0.7,9,0,0
0,13,0,13,0,0.000703452,28.38461538,0.5,0.054057975,0,0.025641026,0.025641026,0,0,0,6,11,0,169,170,170,38,1078,1406,76.67,1,2.63,239,47.14,13.15,164,0.23,1078,0.31,0
0,67,29,38,2.67E-06,0.00189526,31.52631579,0.953058321,0.196913642,0.06339814,0.132149901,0.07495069,0.057199211,2.67E-06,2.86E-06,10,59,60,211,212,212,1,0,0,-1,1,100,8,1.58,100,0,-1,0,0,-1
0,9,1,8,9.10E-06,0.000740825,0,0.083333333,0.017863466,0.001972387,0.017751479,0.015779093,0.001972387,9.10E-06,9.10E-06,8,7,1,8,9,9,3,4,6,66.67,1,33.33,10,1.97,55.56,1,0.33,4,0,0
0,4,3,1,0.000697742,0.001613793,4,0.333333333,0,0.007044238,0.007889546,0.001972387,0.00591716,0.000697742,0.000697742,2,3,5,172,173,173,2,1,2,50,1,50,25,4.93,78.13,0.5,0.5,1,0,0
0,20,8,12,0.001905236,0.001737355,6.166666667,0.4,0.065798988,0.030339295,0.039447732,0.023668639,0.015779093,0.001905236,0.001907179,12,13,37,50,51,51,1,0,0,-1,1,100,8,1.58,100,0,-1,0,0,-1
0,1,1,0,0,0.000788587,0,0,0,0.021908663,0.001972387,0,0.001972387,0,0,1,1,38,0,1,1,5,7,20,35,1,20,28,5.52,51.85,6.5,0.65,7,0,0
0,78,37,41,3.62E-06,0.003058941,37,0.984146341,0.5909948,0.072978304,0.153846154,0.08086785,0.072978304,3.62E-06,3.62E-06,4,74,37,211,212,212,14,97,182,53.3,1,7.14,228,44.97,43.76,42.5,0.47,97,0.86,0
0,5,0,5,0,0.000703452,0.6,0.1,0.018568776,0,0.009861933,0.009861933,0,0,0,4,5,0,168,169,169,45,1232,1980,62.22,2,4.44,276,54.44,12.81,374,0.38,1232,89,4
0,2,1,1,0,0.012950765,1,0,0,0.112924457,0.003944773,0.001972387,0.001972387,0,0,1,2,282,1,2,2,40,1443,1560,92.5,1,2.5,213,42.01,11.79,58.5,0.08,1443,0.03,0
1,2,2,0,0,0.000891183,0,0,0.0625,0.091791837,0.003944773,0,0.003944773,0,0,2,2,275,0,1,1,1,0,0,-1,1,100,6,1.18,100,0,-1,0,0,-1
0,1,1,0,0,0.000902777,0,0,0,0.001972387,0.001972387,0,0.001972387,0,0,1,1,1,0,1,1,24,121,552,21.92,2,8.33,72,14.2,21.05,215.5,0.78,121,0,0
0,3,0,3,0,0.000703452,16.66666667,0,0.002564925,0,0.00591716,0.00591716,0,0,0,3,3,0,169,170,170,3,2,6,33.33,1,33.33,107,21.1,65.64,2,0.67,2,0,0
0,31,22,9,0.000596813,0.004093307,9,0.539855072,0.138097567,0.045003287,0.061143984,0.017751479,0.043392505,0.000596813,0.000706798,12,14,37,50,51,51,83,1971,6806,28.96,5,6.02,200,39.45,6.5,2417.5,0.71,1971,0,0
0,37,16,21,0,0.001956476,17.38095238,0.985714286,0.655352042,0.031952663,0.072978304,0.041420118,0.031558185,0,0,4,32,18,241,242,242,1,0,0,-1,1,100,6,1.18,100,0,-1,0,0,-1
0,67,30,37,0.001773625,0.002891053,30.51351351,0.887624467,0.154852953,0.147930964,0.132149901,0.072978304,0.059171598,0.001773625,0.001772469,12,58,274,167,168,168,1,0,0,-1,1,100,3,0.59,100,0,-1,0,0,-1
0,33,33,0,0,0.007222784,0,0.28030303,0.065390796,0.142017313,0.065088757,0,0.065088757,0,0,16,14,322,0,1,1,6,1,30,3.33,5,83.33,33,6.51,64.71,14.5,0.97,1,0,0
0,2,1,1,0,0.00100244,0,1,0,0.001972387,0.003944773,0.001972387,0.001972387,0,0,1,2,1,1,2,2,36,1001,1260,79.44,1,2.78,243,47.93,14.07,129.5,0.21,1001,0.21,0
1,95,40,55,0.010689436,0.003314668,25.74545455,0.462019231,0.053662053,0.188876142,0.187376726,0.108481262,0.078895464,0.010689436,0.010390652,67,59,274,167,168,168,1,0,0,-1,1,100,1,0.2,-1,0,-1,0,0,0
0,68,29,39,0.000154586,0.001896324,30.71794872,0.904183536,0.187955697,0.06339814,0.134122288,0.076923077,0.057199211,0.000154586,0.000171128,11,59,60,211,212,212,4,0,12,0,4,100,19,3.75,95,6,1,0,3,25
0,3,2,1,3.61E-05,0.000807483,0,0,0.006329114,0.019723866,0.00591716,0.001972387,0.003944773,3.61E-05,3.70E-05,3,3,20,1,2,2,1,0,0,-1,1,100,17,3.35,100,0,-1,0,0,-1
0,78,37,41,3.62E-06,0.003058941,37,0.984146341,0.5909948,0.072978304,0.153846154,0.08086785,0.072978304,3.62E-06,3.62E-06,4,74,37,211,212,212,39,1021,1482,68.89,1,2.56,245,48.32,13.67,230.5,0.31,1021,39.74,2
0,14,4,10,0.002339143,0.001301428,17.3,0.318681319,0.021042756,0.007889546,0.027613412,0.019723866,0.007889546,0.002339143,0.002568404,15,10,4,212,213,213,14,67,182,36.81,2,14.29,153,30.18,36.87,57.5,0.63,67,11.07,6
1,30,0,30,0,0.000703452,17,0.264367816,0.014389187,0,0.059171598,0.059171598,0,0,0,15,18,0,189,190,190,16,99,240,41.25,1,6.25,232,45.76,42.11,70.5,0.59,99,17.86,7
1,5,4,1,0.002576576,0.001942341,9,0,0.032520325,0.016155841,0.009861933,0.001972387,0.007889546,0.002576576,0.002576576,5,3,27,168,169,169,4,3,12,25,1,25,245,48.32,76.8,4.5,0.75,3,0,0
1,91,44,47,0.018337397,0.008589557,28.93617021,0.645490196,0.093292193,0.193567184,0.179487179,0.09270217,0.08678501,0.018337397,0.017937366,30,59,274,167,168,168,1,0,0,-1,1,100,8,1.58,100,0,-1,0,0,-1
1,2,0,2,0,0.000703452,0,0,1,0,0.003944773,0.003944773,0,0,0,2,2,0,2,3,3,7,2,42,4.76,5,71.43,60,11.83,93.75,20,0.95,2,6,14
0,4,4,0,0,0.002343275,0,0.333333333,0.009302326,0.156508876,0.007889546,0,0.007889546,0,0,3,3,276,0,1,1,38,1002,1406,71.27,2,5.26,245,48.32,13.81,202,0.29,1002,95.21,6
0,75,32,43,0.002860048,0.002730323,26.41860465,0.62705314,0.061502905,0.148524469,0.147928994,0.084812623,0.063116371,0.002860048,0.002770894,20,58,274,167,168,168,37,1004,1332,75.38,1,2.7,247,48.72,13.91,164,0.25,1004,32,2
0,4,4,0,0,0.001318353,0,0.5,0.179245283,0.010519395,0.007889546,0,0.007889546,0,0,3,4,8,0,1,1,41,1473,1640,89.82,1,2.44,216,42.6,11.74,83.5,0.1,1473,0.25,0
0,49,18,31,0.005844452,0.002612975,17.96774194,0.483870968,0.026278128,0.035502959,0.096646943,0.061143984,0.035502959,0.005844452,0.005843008,13,32,18,241,242,242,9,11,72,15.28,2,22.22,257,50.69,64.9,30.5,0.85,11,8,11
0,3,0,3,0,0.000703452,15.66666667,0.666666667,0.028191489,0,0.00591716,0.00591716,0,0,0,2,3,0,169,170,170,1,0,0,-1,1,100,3,0.59,100,0,-1,0,0,-1
0,1,1,0,0,0.000840567,0,0,0,0.120583457,0.001972387,0,0.001972387,0,0,1,1,275,0,1,1,50,1165,2450,47.55,1,2,273,53.85,11.81,642.5,0.52,1165,357.38,14
0,2,1,1,0,0.001063098,4,0,0,0.017751479,0.003944773,0.001972387,0.001972387,0,0,1,2,39,4,5,5,3,3,6,50,1,33.33,210,41.42,80.15,1.5,0.5,3,0,0
0,18,17,1,0.000162132,0.00216084,0,0.810457516,0.6978183,0.142550779,0.035502959,0.001972387,0.033530572,0.000162132,0.000176969,3,16,276,1,2,2,6,6,30,20,4,66.67,31,6.11,47.69,12,0.8,6,8,26
0,4,0,4,0,0.000703452,2,0.666666667,0.018566494,0,0.007889546,0.007889546,0,0,0,2,4,0,169,170,170,65,1387,4160,33.34,2,3.08,302,59.57,11.71,1386.5,0.67,1387,559,13
0,35,35,0,0,0.004304244,0,0.36302521,0.029547279,0.083400574,0.069033531,0,0.069033531,0,0,11,25,61,0,1,1,41,1473,1640,89.82,1,2.44,216,42.6,11.74,83.5,0.1,1473,0.25,0
0,39,39,0,0,0.003775536,0,0.950067476,0.996334176,0.076923077,0.076923077,0,0.076923077,0,0,2,38,39,0,1,1,42,1101,1722,63.94,1,2.38,245,48.32,12.45,310.5,0.36,1101,38.97,2
0,20,8,12,0.003269009,0.001944432,3.5,0.380952381,0.017036485,0.158882935,0.039447732,0.023668639,0.015779093,0.003269009,0.003513393,14,12,274,167,168,168,2,0,2,0,2,100,16,3.16,88.89,1,1,0,0,0
0,12,1,11,4.33E-07,0.000736673,12.36363636,0.893939394,0.209027405,0.001972387,0.023668639,0.021696252,0.001972387,4.33E-07,4.33E-07,3,11,1,51,52,52,40,1443,1560,92.5,1,2.5,213,42.01,11.79,58.5,0.08,1443,0.03,0
1,15,2,13,0.001252582,0.000931682,29,0.485714286,0.074466667,0.00443787,0.029585799,0.025641026,0.003944773,0.001252582,0.00127865,6,11,3,173,174,174,4,0,12,0,4,100,246,48.52,62.12,6,1,0,3,25
1,69,31,38,0.001455875,0.002498834,31.52631579,0.953058321,0.196913642,0.064550834,0.136094675,0.07495069,0.061143984,0.001455875,0.001463682,10,59,60,211,212,212,3,2,6,33.33,2,66.67,66,13.02,52.8,2,0.67,2,0,0
0,24,12,12,0.000358183,0.002009608,8,0.698529412,0.042222853,0.152187971,0.047337278,0.023668639,0.023668639,0.000358183,0.000386046,11,18,274,167,168,168,3,0,6,0,3,100,5,0.99,100,3,1,0,0,0
0,2,0,2,0,0.000703452,0.5,1,0,0,0.003944773,0.003944773,0,0,0,1,2,0,2,3,3,4,4,12,33.33,1,25,56,11.05,47.46,4,0.67,4,0,0
1,2,2,0,0,0.000978751,0,0,0.263157895,0.12458418,0.003944773,0,0.003944773,0,0,2,2,276,0,1,1,3,2,6,33.33,1,33.33,101,19.92,88.6,2,0.67,2,0,0
